time_eastern,open_on_norm,open_on_greg
2026-09-24 20:34,0,1
2026-09-24 20:34,0,2
2026-09-24 20:40,1,1
2026-09-24 20:43,0,1
2026-09-24 20:45,0,2
2026-09-24 20:50,0,3
2026-09-24 20:51,1,2
2026-09-24 20:53,1,0
2026-09-24 20:53,0,0
2026-09-24 20:54,0,1
2026-09-24 20:54,0,2
2026-09-24 20:59,0,1
2026-09-24 21:03,1,0
2026-09-24 21:04,0,1
2026-09-24 21:09,1,0
2026-09-24 21:09,0,0
2026-09-24 21:10,0,1
2026-09-24 21:17,0,2
2026-09-24 21:27,1,1
2026-09-24 21:28,1,0
2026-09-24 21:29,0,0
2026-09-24 21:30,0,1
2026-09-24 21:31,0,0
2026-09-24 21:31,0,1
2026-09-24 21:33,1,1
2026-09-24 21:34,0,1
2026-09-24 21:45,1,0
2026-09-24 21:46,0,1
2026-09-24 21:50,1,0
2026-09-24 21:51,0,0
2026-09-24 21:51,0,1
2026-09-24 21:56,0,2
2026-09-24 21:57,1,1
2026-09-24 21:58,0,1
2026-09-24 22:02,1,0
2026-09-24 22:03,0,1
2026-09-24 22:06,1,0
2026-09-24 22:09,0,1
2026-09-24 22:15,0,2
2026-09-24 22:15,0,3
2026-09-24 22:44,0,4
2026-09-24 22:51,0,2
2026-09-24 22:55,1,2
2026-09-24 22:55,2,2
2026-09-24 22:56,1,2
2026-09-24 22:57,0,2
2026-09-24 22:59,1,1
2026-09-24 23:05,2,0
2026-09-24 23:20,0,0
2026-09-24 23:22,0,1
2026-09-24 23:27,1,1
2026-09-24 23:28,0,1
2026-09-24 23:29,1,0
2026-09-24 23:54,1,1
2026-09-25 00:03,1,0
2026-09-25 00:42,1,1
2026-09-25 00:42,1,2
2026-09-25 00:42,1,3
2026-09-25 00:42,1,5
2026-09-25 00:46,2,4
2026-09-25 00:47,1,4
2026-09-25 00:48,2,3
2026-09-25 00:51,3,2
2026-09-25 00:54,2,3
2026-09-25 00:54,1,4
2026-09-25 00:54,1,5
2026-09-25 00:57,2,5
2026-09-25 01:03,1,6
2026-09-25 01:03,2,6
2026-09-25 01:08,1,7
2026-09-25 01:09,2,6
2026-09-25 01:14,3,5
2026-09-25 01:16,2,6
2026-09-25 01:18,3,5
2026-09-25 01:18,2,6
2026-09-25 01:20,1,6
2026-09-25 01:21,2,4
2026-09-25 01:26,1,4
2026-09-25 01:26,2,2
2026-09-25 01:28,1,2
2026-09-25 01:30,2,1
2026-09-25 01:32,1,1
2026-09-25 01:44,2,0
2026-09-25 01:45,1,0
2026-09-25 01:48,1,1
2026-09-25 01:56,1,0
2026-09-25 05:40,1,1
2026-09-25 05:40,1,2
2026-09-25 05:40,1,3
2026-09-25 05:40,1,4
2026-09-25 05:40,1,5
2026-09-25 05:40,1,7
2026-09-25 05:49,2,6
2026-09-25 05:51,2,7
2026-09-25 05:51,2,8
2026-09-25 05:51,2,9
2026-09-25 05:51,2,10
2026-09-25 05:51,3,9
2026-09-25 05:54,2,9
2026-09-25 05:56,3,9
2026-09-25 05:56,2,9
2026-09-25 05:58,1,10
2026-09-25 06:01,2,9
2026-09-25 06:06,1,10
2026-09-25 06:06,1,11
2026-09-25 06:07,2,10
2026-09-25 06:11,1,11
2026-09-25 06:13,2,11
2026-09-25 06:14,3,11
2026-09-25 06:14,2,11
2026-09-25 06:15,1,11
2026-09-25 06:15,2,10
2026-09-25 06:17,2,9
2026-09-25 06:22,2,10
2026-09-25 06:23,1,11
2026-09-25 06:25,2,10
2026-09-25 06:27,1,10
2026-09-25 06:32,2,9
2026-09-25 06:33,1,9
2026-09-25 06:39,2,8
2026-09-25 06:40,4,5
2026-09-25 06:41,4,6
2026-09-25 06:43,3,7
2026-09-25 06:48,2,7
2026-09-25 06:49,1,8
2026-09-25 06:51,2,7
2026-09-25 06:54,2,6
2026-09-25 06:56,1,10
2026-09-25 06:57,1,11
2026-09-25 07:00,1,10
2026-09-25 07:03,2,9
2026-09-25 07:07,1,12
2026-09-25 07:09,2,11
2026-09-25 07:18,1,14
2026-09-25 07:18,1,15
2026-09-25 07:19,2,14
2026-09-25 07:19,3,14
2026-09-25 07:20,2,14
2026-09-25 07:22,1,14
2026-09-25 07:26,1,15
2026-09-25 07:39,1,14
2026-09-25 07:39,2,13
2026-09-25 07:44,3,12
2026-09-25 07:44,3,11
2026-09-25 07:45,4,11
2026-09-25 07:45,3,11
2026-09-25 07:50,2,12
2026-09-25 07:54,1,16
2026-09-25 07:55,2,15
2026-09-25 08:04,1,18
2026-09-25 08:08,2,15
2026-09-25 08:08,3,15
2026-09-25 08:10,2,15
2026-09-25 08:11,1,18
2026-09-25 08:17,2,14
2026-09-25 08:24,1,17
2026-09-25 08:27,2,14
2026-09-25 08:33,1,16
2026-09-25 08:34,2,15
2026-09-25 08:39,2,16
2026-09-25 08:39,1,17
2026-09-25 08:39,1,18
2026-09-25 08:40,1,19
2026-09-25 08:43,1,18
2026-09-25 08:52,2,14
2026-09-25 09:01,3,11
2026-09-25 09:02,2,14
2026-09-25 09:11,1,17
2026-09-25 09:12,2,14
2026-09-25 09:17,1,16
2026-09-25 09:31,2,16
2026-09-25 09:32,1,17
2026-09-25 09:34,1,16
2026-09-25 09:36,2,13
2026-09-25 09:42,3,11
2026-09-25 09:43,2,13
2026-09-25 09:47,1,13
2026-09-25 09:51,2,12
2026-09-25 09:53,3,9
2026-09-25 09:57,2,9
2026-09-25 10:00,1,9
2026-09-25 10:04,2,6
2026-09-25 10:11,1,7
2026-09-25 10:15,2,4
2026-09-25 10:23,3,1
2026-09-25 10:23,2,4
2026-09-25 10:23,2,5
2026-09-25 10:25,1,5
2026-09-25 10:28,1,4
2026-09-25 10:34,2,3
2026-09-25 10:41,1,3
2026-09-25 10:43,2,0
2026-09-25 10:47,1,0
2026-09-25 10:49,1,1
2026-09-25 11:09,2,0
2026-09-25 11:12,1,0
2026-09-25 12:05,1,1
2026-09-25 12:43,2,0
2026-09-25 12:55,1,5
2026-09-25 12:56,1,6
2026-09-25 13:10,1,5
2026-09-25 13:11,2,0
2026-09-25 13:11,2,1
2026-09-25 13:12,2,0
2026-09-25 13:18,1,1
2026-09-25 13:28,2,0
2026-09-25 13:31,1,0
2026-09-25 13:32,1,1
2026-09-25 13:53,2,0
2026-09-25 13:59,1,0
2026-09-25 14:44,1,1
2026-09-25 14:44,1,2
2026-09-25 14:44,1,3
2026-09-25 14:44,1,4
2026-09-25 14:57,2,3
2026-09-25 15:05,3,3
2026-09-25 15:05,2,9
2026-09-25 15:06,1,9
2026-09-25 15:34,1,10
2026-09-25 15:34,1,12
2026-09-25 15:44,2,10
2026-09-25 15:48,1,10
2026-09-25 15:52,2,8
2026-09-25 15:58,1,8
2026-09-25 16:07,2,6
2026-09-25 16:11,1,6
2026-09-25 16:37,2,0
2026-09-25 16:41,1,0
2026-09-25 16:50,1,1
2026-09-25 16:53,1,2
2026-09-25 16:58,1,1
2026-09-25 17:00,2,1
2026-09-25 17:02,1,1
2026-09-25 17:04,1,2
2026-09-25 17:17,2,2
2026-09-25 17:17,1,2
2026-09-25 17:22,2,0
2026-09-25 17:27,1,0
2026-09-25 17:33,1,1
2026-09-25 17:33,1,2
2026-09-25 21:45,2,1
2026-09-25 21:58,1,1
2026-09-26 06:50,2,0
2026-09-26 07:09,1,0
2026-09-26 07:29,1,1
2026-09-26 07:39,2,0
2026-09-26 07:56,1,0
2026-09-26 09:58,1,1
2026-09-26 10:10,1,2
2026-09-26 10:11,2,1
2026-09-26 10:23,1,3
2026-09-26 10:27,2,3
2026-09-26 10:27,1,3
2026-09-26 10:30,2,2
2026-09-26 10:43,1,4
2026-09-26 10:44,2,4
2026-09-26 10:46,1,4
2026-09-26 11:16,2,2
2026-09-26 11:22,3,2
2026-09-26 11:22,2,2
2026-09-26 11:23,1,3
2026-09-26 11:39,2,1
2026-09-26 11:45,3,0
2026-09-26 11:46,2,0
2026-09-26 11:51,1,0
2026-09-26 12:03,1,1
2026-09-26 12:03,1,2
2026-09-26 12:22,2,1
2026-09-26 12:23,2,2
2026-09-26 12:36,1,3
2026-09-26 12:38,2,2
2026-09-26 12:45,1,3
2026-09-26 12:49,2,2
2026-09-26 12:54,3,1
2026-09-26 12:59,2,5
2026-09-26 13:06,3,4
2026-09-26 13:08,2,4
2026-09-26 13:08,1,4
2026-09-26 13:17,1,5
2026-09-26 13:29,2,5
2026-09-26 13:30,3,2
2026-09-26 13:30,2,2
2026-09-26 13:33,3,1
2026-09-26 13:33,2,3
2026-09-26 13:36,3,2
2026-09-26 13:37,2,2
2026-09-26 13:40,2,0
2026-09-26 13:42,1,1
2026-09-26 13:53,1,2
2026-09-26 13:53,1,6
2026-09-26 13:55,2,5
2026-09-26 13:56,1,5
2026-09-26 13:59,2,4
2026-09-26 14:02,1,5
2026-09-26 14:03,2,1
2026-09-26 14:05,3,0
2026-09-26 14:07,2,0
2026-09-26 14:08,1,0
2026-09-26 14:21,1,1
2026-09-26 14:21,1,2
2026-09-26 14:22,1,3
2026-09-26 15:15,2,2
2026-09-26 15:30,1,2
2026-09-26 15:52,2,2
2026-09-26 15:53,1,2
2026-09-26 15:57,2,1
2026-09-26 16:02,1,1
2026-09-26 16:08,1,2
2026-09-26 16:52,2,2
2026-09-26 16:53,1,2
2026-09-26 16:59,2,1
2026-09-26 17:05,1,1
2026-09-26 17:12,1,2
2026-09-26 17:12,2,2
2026-09-26 17:15,1,2
2026-09-26 17:17,2,1
2026-09-26 17:20,3,1
2026-09-26 17:23,2,1
2026-09-26 17:24,1,1
2026-09-26 17:27,2,0
2026-09-26 17:28,1,0
2026-09-26 17:42,1,1
2026-09-26 17:42,1,2
2026-09-26 17:54,2,2
2026-09-26 17:58,1,2
2026-09-26 18:15,2,2
2026-09-26 18:16,1,2
2026-09-26 18:18,2,1
2026-09-26 18:19,1,1
2026-09-26 18:38,1,2
2026-09-26 18:51,2,2
2026-09-26 18:56,1,7
2026-09-26 18:57,1,8
2026-09-26 19:10,2,2
2026-09-26 19:13,2,3
2026-09-26 19:19,3,3
2026-09-26 19:31,2,7
2026-09-26 19:33,1,10
2026-09-26 19:47,2,6
2026-09-26 19:52,1,8
2026-09-26 20:04,2,4
2026-09-26 20:05,2,5
2026-09-26 20:06,2,4
2026-09-26 20:09,1,4
2026-09-26 20:11,1,5
2026-09-26 20:12,1,6
2026-09-26 20:13,2,6
2026-09-26 20:15,2,7
2026-09-26 20:18,3,6
2026-09-26 20:22,4,4
2026-09-26 20:22,4,5
2026-09-26 20:29,3,7
2026-09-26 20:30,4,7
2026-09-26 20:31,3,7
2026-09-26 20:35,4,6
2026-09-26 20:36,3,6
2026-09-26 20:46,2,10
2026-09-26 20:49,3,10
2026-09-26 20:50,2,10
2026-09-26 20:56,3,9
2026-09-26 21:06,2,12
2026-09-26 21:07,3,11
2026-09-26 21:13,3,12
2026-09-26 21:14,2,16
2026-09-26 21:20,3,16
2026-09-26 21:23,2,16
2026-09-26 21:26,3,15
2026-09-26 21:41,4,15
2026-09-26 21:41,3,19
2026-09-26 21:42,2,19
2026-09-26 21:53,3,15
2026-09-26 22:00,4,15
2026-09-26 22:02,3,15
2026-09-26 22:06,2,15
2026-09-26 22:11,3,15
2026-09-26 22:13,2,15
2026-09-26 23:37,2,16
2026-09-26 23:37,2,17
2026-09-26 23:37,2,18
2026-09-27 05:09,2,20
2026-09-27 06:26,2,21
2026-09-27 06:26,3,17
2026-09-27 06:27,2,17
2026-09-27 06:28,3,13
2026-09-27 06:35,3,12
2026-09-27 06:38,2,12
2026-09-27 06:40,2,13
2026-09-27 06:41,3,11
2026-09-27 06:42,2,11
2026-09-27 06:46,2,10
2026-09-27 07:06,3,9
2026-09-27 07:16,3,10
2026-09-27 07:16,3,11
2026-09-27 07:16,3,12
2026-09-27 07:29,3,14
2026-09-27 07:37,3,15
2026-09-27 07:37,3,16
2026-09-27 07:37,3,17
2026-09-27 07:47,4,17
2026-09-27 07:48,3,18
2026-09-27 07:48,2,18
2026-09-27 07:48,2,19
2026-09-27 07:56,2,18
2026-09-27 07:58,3,17
2026-09-27 07:58,2,17
2026-09-27 08:09,2,18
2026-09-27 08:09,3,17
2026-09-27 08:10,2,17
2026-09-27 08:22,2,18
2026-09-27 08:23,3,17
2026-09-27 08:25,2,17
2026-09-27 08:35,3,16
2026-09-27 08:37,2,17
2026-09-27 08:47,2,16
2026-09-27 08:59,3,11
2026-09-27 09:00,2,11
2026-09-27 09:03,3,10
2026-09-27 09:04,2,10
2026-09-27 09:13,2,11
2026-09-27 09:13,2,12
2026-09-27 09:15,2,13
2026-09-27 09:22,2,14
2026-09-27 09:24,3,13
2026-09-27 09:25,2,13
2026-09-27 09:34,3,12
2026-09-27 09:35,2,12
2026-09-27 09:45,3,11
2026-09-27 10:00,2,12
2026-09-27 10:00,3,10
2026-09-27 10:01,2,10
2026-09-27 10:15,3,10
2026-09-27 10:17,2,10
2026-09-27 10:32,3,8
2026-09-27 10:33,2,8
2026-09-27 10:48,2,8
2026-09-27 10:48,3,8
2026-09-27 10:49,2,8
2026-09-27 10:55,2,7
2026-09-27 10:55,3,6
2026-09-27 11:11,4,5
2026-09-27 11:21,4,6
2026-09-27 11:22,5,5
2026-09-27 11:45,5,6
2026-09-27 11:45,5,7
2026-09-27 11:52,4,10
2026-09-27 12:08,5,9
2026-09-27 12:20,4,10
2026-09-27 12:25,5,9
2026-09-27 12:39,6,8
2026-09-27 12:43,6,9
2026-09-27 12:47,7,8
2026-09-27 12:49,6,8
2026-09-27 12:52,5,9
2026-09-27 12:55,6,8
2026-09-27 12:57,5,8
2026-09-27 13:07,6,7
2026-09-27 13:18,7,6
2026-09-27 13:28,6,6
2026-09-27 13:28,5,6
2026-09-27 13:30,6,3
2026-09-27 13:39,7,2
2026-09-27 13:42,6,2
2026-09-27 13:50,5,3
2026-09-27 13:59,6,2
2026-09-27 14:03,5,2
2026-09-27 14:06,5,1
2026-09-27 14:12,5,2
2026-09-27 14:12,5,3
2026-09-27 14:12,5,4
2026-09-27 14:18,4,5
2026-09-27 14:20,5,4
2026-09-27 14:35,6,3
2026-09-27 14:46,7,2
2026-09-27 15:03,8,1
2026-09-27 15:25,7,1
2026-09-27 15:26,6,1
2026-09-27 15:30,5,1
2026-09-27 15:36,6,0
2026-09-27 15:38,5,1
2026-09-27 15:43,4,2
2026-09-27 15:50,4,3
2026-09-27 15:50,4,4
2026-09-27 16:00,5,3
2026-09-27 16:11,6,2
2026-09-27 16:11,6,3
2026-09-27 16:25,7,2
2026-09-27 16:29,6,2
2026-09-27 16:31,7,1
2026-09-27 16:38,7,2
2026-09-27 16:44,6,2
2026-09-27 16:53,7,1
2026-09-27 16:56,7,2
2026-09-27 16:59,6,3
2026-09-27 17:00,5,3
2026-09-27 17:14,6,2
2026-09-27 17:17,6,3
2026-09-27 17:17,6,4
2026-09-27 17:18,5,4
2026-09-27 17:20,4,4
2026-09-27 17:23,4,5
2026-09-27 17:27,3,8
2026-09-27 17:49,4,7
2026-09-27 17:52,4,8
2026-09-27 17:53,4,9
2026-09-27 17:56,5,8
2026-09-27 17:58,5,9
2026-09-27 18:03,6,8
2026-09-27 18:16,5,9
2026-09-27 18:17,4,12
2026-09-27 18:19,5,11
2026-09-27 18:22,4,12
2026-09-27 18:24,5,11
2026-09-27 18:40,6,8
2026-09-27 18:48,7,7
2026-09-27 18:56,8,6
2026-09-27 19:14,9,5
2026-09-27 19:28,10,4
2026-09-27 19:36,9,4
2026-09-27 19:36,8,5
2026-09-27 19:40,9,2
2026-09-27 19:44,8,5
2026-09-27 19:47,7,5
2026-09-27 19:47,6,5
2026-09-27 19:48,7,4
2026-09-27 19:55,8,3
2026-09-27 20:00,7,3
2026-09-27 20:05,6,3
2026-09-27 20:07,7,0
2026-09-27 20:12,6,0
2026-09-27 20:12,5,1
2026-09-27 20:14,4,1
2026-09-27 20:14,4,2
2026-09-27 20:19,4,1
2026-09-27 20:21,3,3
2026-09-27 20:22,2,7
2026-09-27 20:24,3,6
2026-09-27 20:37,2,6
2026-09-27 20:43,3,4
2026-09-27 21:03,4,0
2026-09-27 21:38,3,2
2026-09-27 21:46,2,5
2026-09-27 22:00,3,3
2026-09-27 22:05,2,3
2026-09-27 22:18,2,4
2026-09-27 22:22,3,1
2026-09-27 22:34,4,0
2026-09-27 22:36,3,0
2026-09-27 22:57,2,0
2026-09-27 23:02,2,1
2026-09-27 23:02,2,2
2026-09-27 23:19,3,1
2026-09-27 23:29,3,2
2026-09-27 23:31,4,1
2026-09-27 23:34,4,2
2026-09-27 23:38,5,1
2026-09-27 23:38,4,1
2026-09-27 23:44,3,1
2026-09-27 23:51,2,1
2026-09-27 23:56,3,0
2026-09-27 23:57,3,1
2026-09-28 00:17,3,2
2026-09-28 00:27,4,1
2026-09-28 00:38,5,0
2026-09-28 00:47,4,1
2026-09-28 01:00,3,2
2026-09-28 01:11,4,1
2026-09-28 01:11,3,3
2026-09-28 01:18,4,2
2026-09-28 01:30,3,2
2026-09-28 01:31,4,0
2026-09-28 01:43,3,1
2026-09-28 01:59,2,1
2026-09-28 02:11,3,0
2026-09-28 02:24,2,0
2026-09-28 02:44,2,1
2026-09-28 02:44,2,2
2026-09-28 02:52,3,1
2026-09-28 02:57,4,0
2026-09-28 02:59,3,0
2026-09-28 03:02,2,0
2026-09-28 03:03,2,1
2026-09-28 03:16,3,0
2026-09-28 03:19,2,0
2026-09-28 03:26,2,1
2026-09-28 03:36,3,0
2026-09-28 03:47,2,0
2026-09-28 03:56,2,1
2026-09-28 03:57,2,2
2026-09-28 04:07,3,1
2026-09-28 04:13,4,0
2026-09-28 04:13,3,0
2026-09-28 04:38,2,1
2026-09-28 04:41,2,2
2026-09-28 04:41,2,3
2026-09-28 04:52,3,2
2026-09-28 04:55,2,2
2026-09-28 05:00,3,1
2026-09-28 05:17,4,0
2026-09-28 05:19,3,0
2026-09-28 05:30,2,0
2026-09-28 06:31,2,3
2026-09-28 06:32,2,4
2026-09-28 06:49,2,5
2026-09-28 06:58,3,2
2026-09-28 06:59,2,2
2026-09-28 07:04,3,1
2026-09-28 07:05,2,1
2026-09-28 07:09,2,2
2026-09-28 07:14,3,1
2026-09-28 07:18,2,1
2026-09-28 07:19,3,0
2026-09-28 07:21,2,0
2026-09-28 07:33,2,1
2026-09-28 07:43,2,2
2026-09-28 07:46,3,1
2026-09-28 07:48,2,1
2026-09-28 07:52,3,0
2026-09-28 07:53,2,0
2026-09-28 08:18,2,3
2026-09-28 08:34,3,0
2026-09-28 08:35,2,0
2026-09-28 16:45,2,1
2026-09-28 16:50,3,0
2026-09-28 16:52,2,0
2026-09-28 16:55,2,2
2026-09-28 16:55,2,7
2026-09-28 17:03,4,0
2026-09-28 17:05,2,0
2026-09-28 17:30,2,1
2026-09-28 17:46,3,0
2026-09-28 17:47,2,0
2026-09-28 18:42,2,1
2026-09-28 18:53,3,0
2026-09-28 18:54,2,0
2026-09-28 19:14,2,2
2026-09-28 19:22,3,0
2026-09-28 19:27,2,0
2026-09-28 19:30,2,1
2026-09-28 19:30,2,2
2026-09-28 19:41,3,1
2026-09-28 19:42,2,1
2026-09-28 19:47,3,0
2026-09-28 19:48,2,0
2026-09-28 20:50,2,1
2026-09-28 20:55,3,0
2026-09-28 20:56,2,0
2026-09-28 21:33,2,1
2026-09-28 21:44,3,0
2026-09-28 21:45,2,0
2026-09-28 21:51,2,1
2026-09-28 22:12,3,0
2026-09-28 22:13,2,0
2026-09-28 23:11,2,1
2026-09-28 23:11,2,2
2026-09-28 23:27,3,1
2026-09-28 23:29,2,1
2026-09-28 23:35,3,0
2026-09-28 23:38,2,0
2026-09-29 00:17,2,1
2026-09-29 00:17,2,2
2026-09-29 00:35,2,3
2026-09-29 00:47,3,2
2026-09-29 00:50,2,2
2026-09-29 00:52,2,3
2026-09-29 01:02,2,6
2026-09-29 01:02,2,10
2026-09-29 01:15,3,9
2026-09-29 01:20,2,9
2026-09-29 01:21,2,10
2026-09-29 01:21,2,11
2026-09-29 01:25,3,10
2026-09-29 01:26,2,10
2026-09-29 01:28,3,9
2026-09-29 01:30,2,9
2026-09-29 01:37,3,6
2026-09-29 01:40,2,6
2026-09-29 01:44,3,2
2026-09-29 01:48,2,2
2026-09-29 01:50,3,1
2026-09-29 01:52,2,1
2026-09-29 01:53,3,0
2026-09-29 01:54,2,0
2026-09-29 02:19,2,1
2026-09-29 02:19,2,2
2026-09-29 02:19,2,3
2026-09-29 02:30,3,2
2026-09-29 02:32,2,2
2026-09-29 02:36,3,1
2026-09-29 02:36,3,2
2026-09-29 02:40,2,2
2026-09-29 02:41,3,1
2026-09-29 02:43,2,1
2026-09-29 02:48,3,0
2026-09-29 02:51,2,0
2026-09-29 04:43,2,1
2026-09-29 04:56,3,0
2026-09-29 07:09,2,0
2026-09-29 07:20,1,1
2026-09-29 07:24,2,1
2026-09-29 07:40,2,0
2026-09-29 07:40,1,0
2026-09-29 08:18,1,1
2026-09-29 08:27,2,0
2026-09-29 08:44,1,0
2026-09-29 08:49,2,0
2026-09-29 09:12,1,0
2026-09-29 09:18,1,1
2026-09-29 09:28,2,1
2026-09-29 09:40,1,1
2026-09-29 09:42,2,0
2026-09-29 09:49,1,0
2026-09-29 09:53,1,1
2026-09-29 10:04,2,1
2026-09-29 10:08,1,1
2026-09-29 10:15,2,0
2026-09-29 10:33,1,0
2026-09-29 10:38,1,1
2026-09-29 10:46,2,1
2026-09-29 10:47,1,1
2026-09-29 10:55,2,0
2026-09-29 11:08,1,0
2026-09-29 13:36,1,1
2026-09-29 14:06,2,1
2026-09-29 14:11,2,2
2026-09-29 14:13,2,3
2026-09-29 14:17,2,4
2026-09-29 14:22,2,3
2026-09-29 14:22,2,2
2026-09-29 14:22,2,1
2026-09-29 14:22,1,1
2026-09-29 14:28,2,1
2026-09-29 14:30,2,2
2026-09-29 14:30,2,1
2026-09-29 14:39,2,2
2026-09-29 14:41,1,2
2026-09-29 14:48,2,1
2026-09-29 14:51,2,2
2026-09-29 14:52,3,1
2026-09-29 15:01,4,0
2026-09-29 15:07,3,0
2026-09-29 15:07,2,0
2026-09-29 15:11,1,0
2026-09-29 15:18,1,1
2026-09-29 15:19,1,2
2026-09-29 15:21,1,3
2026-09-29 15:29,2,3
2026-09-29 15:54,2,4
2026-09-29 15:57,2,5
2026-09-29 15:57,2,8
2026-09-29 15:57,2,9
2026-09-29 15:57,2,6
2026-09-29 15:57,1,6
2026-09-29 16:07,2,5
2026-09-29 16:14,3,5
2026-09-29 16:19,2,5
2026-09-29 16:22,3,5
2026-09-29 16:30,3,3
2026-09-29 16:30,2,3
2026-09-29 16:48,3,3
2026-09-29 16:48,2,3
2026-09-29 16:51,2,0
2026-09-29 16:52,1,0
2026-09-29 17:02,2,0
2026-09-29 17:04,1,0
2026-09-29 17:09,2,0
2026-09-30 06:47,2,1
2026-09-30 06:47,2,2
2026-09-30 06:47,2,3
2026-09-30 07:17,3,2
2026-09-30 07:17,4,1
2026-09-30 07:17,5,0
2026-09-30 07:45,5,1
2026-09-30 07:54,5,0
2026-09-30 08:14,4,0
2026-09-30 08:14,3,0
2026-09-30 08:14,2,0
2026-09-30 08:15,3,0
2026-09-30 08:17,2,0
2026-09-30 08:21,1,0
2026-09-30 08:44,0,0
2026-09-30 09:38,0,1
2026-09-30 10:00,1,0
2026-09-30 10:14,0,0
2026-09-30 16:58,0,1
2026-09-30 17:15,1,0
2026-09-30 17:40,0,0
2026-09-30 18:27,0,1
2026-09-30 18:28,0,2
2026-09-30 18:41,1,1
2026-09-30 18:42,2,0
2026-09-30 20:25,1,0
2026-09-30 21:08,0,8
2026-09-30 21:27,1,8
2026-09-30 21:39,0,8
2026-09-30 21:40,0,7
2026-09-30 21:40,0,0
2026-10-01 12:25,0,1
2026-10-01 12:29,1,0
2026-10-01 12:44,0,1
2026-10-01 12:51,1,0
2026-10-01 13:04,0,0
2026-10-01 13:09,0,1
2026-10-01 13:13,1,0
2026-10-01 13:19,0,0
2026-10-01 13:22,0,1
2026-10-01 13:39,1,0
2026-10-01 13:44,0,0
2026-10-01 13:52,0,1
2026-10-01 14:07,1,0
2026-10-01 14:15,0,0
2026-10-01 14:50,0,1
2026-10-01 15:01,1,0
2026-10-01 15:12,0,0
2026-10-01 15:26,0,1
2026-10-01 15:46,1,0
2026-10-01 15:57,0,0
2026-10-01 16:02,0,3
2026-10-01 16:22,1,0
2026-10-01 16:33,0,0
2026-10-01 16:43,0,1
2026-10-01 16:54,1,0
2026-10-01 17:02,0,0
2026-10-01 17:37,0,1
2026-10-01 17:53,1,0
2026-10-01 18:00,0,0
2026-10-01 18:21,3,0
2026-10-01 18:28,3,1
2026-10-01 18:34,3,0
2026-10-01 18:42,2,1
2026-10-01 18:42,1,2
2026-10-01 18:49,2,1
2026-10-01 18:50,3,0
2026-10-01 18:51,2,0
2026-10-01 18:52,1,0
2026-10-01 18:55,1,1
2026-10-01 18:55,1,2
2026-10-01 19:13,2,1
2026-10-01 19:13,3,0
2026-10-01 19:20,6,0
2026-10-01 19:20,4,0
2026-10-01 19:25,4,1
2026-10-01 19:25,4,2
2026-10-01 19:40,5,1
2026-10-01 19:40,6,0
2026-10-01 19:50,4,0
2026-10-01 19:54,4,1
2026-10-01 19:54,4,2
2026-10-01 20:02,6,0
2026-10-01 20:11,5,0
2026-10-01 20:11,4,0
2026-10-02 06:33,10,0
2026-10-02 06:49,7,0
2026-10-02 06:59,7,1
2026-10-02 06:59,5,1
2026-10-02 07:12,6,0
2026-10-02 07:24,5,0
2026-10-02 07:26,4,0
2026-10-02 07:40,6,0
2026-10-02 08:00,5,1
2026-10-02 08:13,6,0
2026-10-02 08:25,5,0
2026-10-02 08:27,5,1
2026-10-02 08:39,6,0
2026-10-02 08:43,5,1
2026-10-02 08:48,3,1
2026-10-02 09:01,2,2
2026-10-02 09:04,3,1
2026-10-02 09:12,2,1
2026-10-02 09:18,2,2
2026-10-02 09:19,2,3
2026-10-02 09:19,2,4
2026-10-02 09:19,2,5
2026-10-02 09:20,2,4
2026-10-02 09:32,3,3
2026-10-02 09:44,2,3
2026-10-02 09:47,2,4
2026-10-02 09:47,2,5
2026-10-02 10:01,2,6
2026-10-02 10:01,2,7
2026-10-02 10:01,2,8
2026-10-02 10:16,3,7
2026-10-02 10:22,2,7
2026-10-02 10:34,3,7
2026-10-02 10:40,2,7
2026-10-02 10:52,3,6
2026-10-02 11:01,2,6
2026-10-02 11:07,3,5
2026-10-02 11:12,2,5
2026-10-02 11:18,3,5
2026-10-02 11:19,3,6
2026-10-02 11:20,3,7
2026-10-02 11:21,2,7
2026-10-02 11:34,3,6
2026-10-02 11:42,2,7
2026-10-02 12:02,3,7
2026-10-02 12:04,4,6
2026-10-02 12:12,3,6
2026-10-02 12:13,2,6
2026-10-02 12:13,2,5
2026-10-02 12:13,2,6
2026-10-02 12:35,2,7
2026-10-02 13:11,3,7
2026-10-02 13:21,2,7
2026-10-02 13:32,3,6
2026-10-02 13:41,4,6
2026-10-02 13:43,3,6
2026-10-02 13:44,2,6
2026-10-02 13:52,3,5
2026-10-02 13:58,4,5
2026-10-02 14:02,3,5
2026-10-02 14:02,2,5
2026-10-02 14:06,3,5
2026-10-02 14:09,2,5
2026-10-02 14:14,4,3
2026-10-02 14:23,3,3
2026-10-02 14:23,2,3
2026-10-02 14:26,3,3
2026-10-02 14:28,2,3
2026-10-02 14:33,2,4
2026-10-02 14:33,2,5
2026-10-02 14:34,3,5
2026-10-02 14:40,2,5
2026-10-02 14:57,3,5
2026-10-02 15:03,2,5
2026-10-02 15:03,2,4
2026-10-02 15:03,2,5
2026-10-02 15:13,3,4
2026-10-02 15:19,4,4
2026-10-02 15:22,3,4
2026-10-02 15:22,2,4
2026-10-02 15:53,3,3
2026-10-02 16:03,2,3
2026-10-02 16:07,3,2
2026-10-02 16:12,2,2
2026-10-02 17:50,3,1
2026-10-02 17:55,4,0
2026-10-02 18:03,3,0
2026-10-02 18:03,2,0
2026-10-02 18:21,2,1
2026-10-02 18:36,2,0
2026-10-02 18:36,2,1
2026-10-02 18:36,2,2
2026-10-02 18:37,2,3
2026-10-02 19:16,4,1
2026-10-02 19:19,5,0
2026-10-02 19:24,2,0
2026-10-02 19:27,2,1
2026-10-02 19:28,2,2
2026-10-02 19:30,2,1
2026-10-02 19:43,3,0
2026-10-02 19:44,3,1
2026-10-02 19:44,3,2
2026-10-02 19:44,3,3
2026-10-02 19:49,3,2
2026-10-02 19:52,2,2
2026-10-02 19:55,3,1
2026-10-02 19:56,3,2
2026-10-02 19:56,3,3
2026-10-02 19:56,3,4
2026-10-02 20:00,2,4
2026-10-02 20:08,3,3
2026-10-02 20:15,2,3
2026-10-02 20:19,3,3
2026-10-02 20:22,2,3
2026-10-02 20:30,3,2
2026-10-02 20:40,4,2
2026-10-02 20:42,3,2
2026-10-02 20:43,4,2
2026-10-02 20:53,3,2
2026-10-02 20:53,2,2
2026-10-02 21:06,3,1
2026-10-02 21:11,4,1
2026-10-02 21:12,3,1
2026-10-02 21:15,4,1
2026-10-02 21:24,3,1
2026-10-02 21:24,2,1
2026-10-02 21:46,3,1
2026-10-02 21:53,2,1
2026-10-03 06:33,3,0
2026-10-03 06:34,2,0
2026-10-03 06:35,3,0
2026-10-03 06:36,2,1
2026-10-03 06:39,1,2
2026-10-03 06:40,0,2
2026-10-03 06:46,1,1
2026-10-03 06:47,0,1
2026-10-03 06:55,1,0
2026-10-03 06:56,0,0
2026-10-03 07:01,0,1
2026-10-03 07:17,1,0
2026-10-03 07:21,0,0
