group,name,runs,tokens,agent_hours
milestone,planning,4,483568,0.24
milestone,M0,4,666789,0.63
milestone,M1,1,322569,0.42
milestone,M2,10,3653978,3.53
milestone,M6,5,743344,0.93
milestone,M3,3,942769,0.93
milestone,M4,1,540229,0.81
milestone,M7,395,91603477,226.41
milestone,M5,134,41544931,69.47
milestone,D21,3,517122,0.7
milestone,D22,1,126183,0.18
milestone,M8,2,581446,1.08
kind,research,10,1622772,2.23
kind,tooling,54,12364409,27.75
kind,engine,35,9563903,26.44
kind,history,12,1640399,1.94
kind,porting,10,3653978,3.53
kind,art-prep,171,54990266,147.69
kind,integration,4,773621,1.78
kind,playtest,98,33040334,56.89
kind,review,157,20814415,33.32
kind,triage,12,3262308,3.77
