bin_start_eastern,bin_hours,agent,fresh_input_and_cache_writes,output,cached_input
2026-09-24 00:00,24,greg,737447,95433,36329088
2026-09-24 00:00,24,norm-main,683576,267672,156394380
2026-09-24 00:00,24,norm-subagents,9230176,512849,529819764
2026-09-25 00:00,24,greg,3616056,460459,157975040
2026-09-25 00:00,24,norm-main,2062289,515783,476942228
2026-09-25 00:00,24,norm-subagents,28401551,1122316,3182811138
2026-09-26 00:00,24,greg,3738406,390789,165385472
2026-09-26 00:00,24,norm-main,1833807,733324,485030801
2026-09-26 00:00,24,norm-subagents,17977608,1077132,765807579
2026-09-27 00:00,24,greg,4360636,414466,205903872
2026-09-27 00:00,24,norm-main,3005450,825099,667909679
2026-09-27 00:00,24,norm-subagents,73073175,3860992,2793454977
2026-09-28 00:00,24,greg,3483488,251735,131340800
2026-09-28 00:00,24,norm-main,1539619,608107,424360206
2026-09-28 00:00,24,norm-subagents,69057304,2285229,2156661805
2026-09-29 00:00,24,greg,4847195,253364,122365440
2026-09-29 00:00,24,norm-main,1669324,111153,113983519
2026-09-29 00:00,24,norm-subagents,38546556,578010,948784279
2026-09-30 00:00,24,greg,2687857,123347,67065856
2026-09-30 00:00,24,norm-main,0,0,0
2026-09-30 00:00,24,norm-subagents,0,0,0
