delivery,file,room,model,passes,delivered_eastern,verdict,judged_eastern,state,category
20260925-004039-greg-0002,design/papers/FORM1-QX-17-T.png,,Sol,,2026-09-24 20:40,20260925-004333-norm-0003,2026-09-24 20:43,approved,
20260925-004039-greg-0002,design/papers/FORM1-QX-17-T@VALIDATED.png,,Sol,,2026-09-24 20:40,20260925-004333-norm-0003,2026-09-24 20:43,approved,
20260925-004039-greg-0002,design/papers/FORM2-JZ-59-G.png,,Sol,,2026-09-24 20:40,20260925-004333-norm-0003,2026-09-24 20:43,approved,
20260925-004039-greg-0002,design/papers/FORM3-HB-56-V.png,,Sol,,2026-09-24 20:40,20260925-004333-norm-0003,2026-09-24 20:43,approved,
20260925-005152-greg-0004,design/style/STYLE-duffy.png,,Sol,,2026-09-24 20:51,20260925-005325-norm-0007,2026-09-24 20:53,approved,
20260925-005152-greg-0004,design/style/STYLE-command-module.png,,Sol,,2026-09-24 20:51,20260925-005325-norm-0007,2026-09-24 20:53,approved,
20260925-005152-greg-0004,design/style/STYLE-village.png,,Sol,,2026-09-24 20:51,20260925-005325-norm-0007,2026-09-24 20:53,approved,
20260925-005152-greg-0004,design/style/STYLE-floyd-evil.png,,Sol,,2026-09-24 20:51,20260925-005325-norm-0007,2026-09-24 20:53,approved,
20260925-010322-greg-0008,design/papers/BLUEPRINT-1.png,,none (scan-derived),,2026-09-24 21:03,20260925-010456-norm-0011,2026-09-24 21:04,changes-paint,content
20260925-010322-greg-0008,design/papers/BLUEPRINT-2.png,,none (scan-derived),,2026-09-24 21:03,20260925-010456-norm-0011,2026-09-24 21:04,changes-paint,content
20260925-010322-greg-0008,design/papers/BLUEPRINT-3.png,,none (scan-derived),,2026-09-24 21:03,20260925-010456-norm-0011,2026-09-24 21:04,changes-paint,content
20260925-010322-greg-0008,design/papers/BLUEPRINT-4.png,,none (scan-derived),,2026-09-24 21:03,20260925-010456-norm-0011,2026-09-24 21:04,approved,
20260925-010322-greg-0008,design/papers/BLUEPRINT-5.png,,none (scan-derived),,2026-09-24 21:03,20260925-010456-norm-0011,2026-09-24 21:04,approved,
20260925-010322-greg-0008,design/papers/BLUEPRINT-6.png,,none (scan-derived),,2026-09-24 21:03,20260925-010456-norm-0011,2026-09-24 21:04,approved,
20260925-010322-greg-0008,design/papers/BLUEPRINT-7.png,,none (scan-derived),,2026-09-24 21:03,20260925-010456-norm-0011,2026-09-24 21:04,approved,
20260925-010322-greg-0008,design/papers/BLUEPRINT-8.png,,none (scan-derived),,2026-09-24 21:03,20260925-010456-norm-0011,2026-09-24 21:04,approved,
20260925-010322-greg-0008,design/papers/BLUEPRINT-9.png,,none (scan-derived),,2026-09-24 21:03,20260925-010456-norm-0011,2026-09-24 21:04,approved,
20260925-010322-greg-0008,design/papers/BLUEPRINT-KEY.png,,none (scan-derived),,2026-09-24 21:03,20260925-010456-norm-0011,2026-09-24 21:04,changes-paint,content
20260925-010911-greg-0009,design/papers/BLUEPRINT-1.png,,none (scan-derived),,2026-09-24 21:09,20260925-010951-norm-0013,2026-09-24 21:09,approved,
20260925-010911-greg-0009,design/papers/BLUEPRINT-2.png,,none (scan-derived),,2026-09-24 21:09,20260925-010951-norm-0013,2026-09-24 21:09,approved,
20260925-010911-greg-0009,design/papers/BLUEPRINT-3.png,,none (scan-derived),,2026-09-24 21:09,20260925-010951-norm-0013,2026-09-24 21:09,approved,
20260925-010911-greg-0009,design/papers/BLUEPRINT-KEY.png,,none (scan-derived),,2026-09-24 21:09,20260925-010951-norm-0013,2026-09-24 21:09,approved,
20260925-012754-greg-0010,design/characters/FLOYD@EVIL2.png,,Sol,,2026-09-24 21:27,20260925-012920-norm-0016,2026-09-24 21:29,approved,
20260925-012754-greg-0010,design/characters/FLOYD@EVIL3.png,,Sol,,2026-09-24 21:27,20260925-012920-norm-0016,2026-09-24 21:29,approved,
20260925-012754-greg-0010,design/characters/FLOYD@EVIL4.png,,Sol,,2026-09-24 21:27,20260925-012920-norm-0016,2026-09-24 21:29,approved,
20260925-012754-greg-0010,design/characters/FLOYD@EVIL5.png,,Sol,,2026-09-24 21:27,20260925-012920-norm-0016,2026-09-24 21:29,approved,
20260925-012754-greg-0010,design/characters/FLOYD@EVIL6.png,,Sol,,2026-09-24 21:27,20260925-012920-norm-0016,2026-09-24 21:29,approved,
20260925-012754-greg-0010,design/characters/HELEN.png,,Sol,,2026-09-24 21:27,20260925-012920-norm-0016,2026-09-24 21:29,approved,
20260925-012754-greg-0010,design/characters/REX.png,,Sol,,2026-09-24 21:27,20260925-012920-norm-0016,2026-09-24 21:29,approved,
20260925-012754-greg-0010,design/characters/PLATO.png,,Sol,,2026-09-24 21:27,20260925-012920-norm-0016,2026-09-24 21:29,approved,
20260925-014523-greg-0014,design/characters/OLIVER@DORMANT.png,,Sol,,2026-09-24 21:45,20260925-014627-norm-0020,2026-09-24 21:46,approved,
20260925-014523-greg-0014,design/characters/OLIVER.png,,Sol,,2026-09-24 21:45,20260925-014627-norm-0020,2026-09-24 21:46,approved,
20260925-014523-greg-0014,design/characters/WELDER.png,,Sol,,2026-09-24 21:45,20260925-014627-norm-0020,2026-09-24 21:46,approved,
20260925-014523-greg-0014,design/characters/OSTRICH.png,,Sol,,2026-09-24 21:45,20260925-014627-norm-0020,2026-09-24 21:46,approved,
20260925-014523-greg-0014,design/characters/OSTRICH@FLOATING.png,,Sol,,2026-09-24 21:45,20260925-014627-norm-0020,2026-09-24 21:46,changes-paint,content
20260925-014523-greg-0014,design/characters/BALLOON.png,,Sol,,2026-09-24 21:45,20260925-014627-norm-0020,2026-09-24 21:46,approved,
20260925-014523-greg-0014,design/characters/BALLOON@LEASH-FREE.png,,Sol,,2026-09-24 21:45,20260925-014627-norm-0020,2026-09-24 21:46,approved,
20260925-015017-greg-0015,design/characters/OSTRICH@FLOATING.png,,Sol,,2026-09-24 21:50,20260925-015115-norm-0021,2026-09-24 21:51,approved,
20260925-015715-greg-0016,wwwroot/favicon-32.png,,none (scan-derived),,2026-09-24 21:57,20260925-015810-norm-0024,2026-09-24 21:58,approved,
20260925-015715-greg-0016,wwwroot/favicon-180.png,,none (scan-derived),,2026-09-24 21:57,20260925-015810-norm-0024,2026-09-24 21:58,approved,
20260925-015715-greg-0016,wwwroot/favicon-512.png,,none (scan-derived),,2026-09-24 21:57,20260925-015810-norm-0024,2026-09-24 21:58,approved,
20260925-020232-greg-0017,design/packages/DECK-TWELVE/reference/DR-001_DECK-TWELVE-278_SEED.png,DECK-TWELVE,Sol,,2026-09-24 22:02,20260925-020344-norm-0025,2026-09-24 22:03,approved,
20260925-020649-greg-0018,design/packages/DECK-TWELVE/reference/DR-001_DECK-TWELVE-098_SEED.png,DECK-TWELVE,Sol,,2026-09-24 22:06,20260925-020940-norm-0027,2026-09-24 22:09,approved,
20260925-025922-greg-0023,design/packages/DECK-TWELVE/reference/DR-001_DECK-TWELVE-008_GREG.png,DECK-TWELVE,Astra,,2026-09-24 22:59,20260925-032012-norm-0033,2026-09-24 23:20,approved,
20260925-030520-greg-0024,design/packages/DECK-TWELVE/reference/DR-001_DECK-TWELVE-188_GREG.png,DECK-TWELVE,Astra,,2026-09-24 23:05,20260925-032012-norm-0033,2026-09-24 23:20,approved,
20260925-032908-greg-0026,design/packages/DECK-TWELVE/reference/DR-001_DECK-TWELVE-CAP-UP_GREG.png,,Astra,,2026-09-24 23:29,20260930-124449-norm-0593,2026-09-30 08:44,approved,
20260925-044628-greg-0029,design/packages/CARGO-BAY-ENTRANCE/reference/DR-002_CARGO-BAY-ENTRANCE-090_SEED.png,,Sol,,2026-09-25 00:46,20260925-044739-norm-0043,2026-09-25 00:47,approved,
20260925-044844-greg-0030,design/packages/ROBOT-POOL/reference/DR-003_ROBOT-POOL-000_SEED.png,,Sol,,2026-09-25 00:48,20260925-045410-norm-0044,2026-09-25 00:54,changes-paint,geometry
20260925-045126-greg-0031,design/packages/CARGO-BAY/reference/DR-004_CARGO-BAY-000_SEED.png,,Sol,,2026-09-25 00:51,20260925-045456-norm-0045,2026-09-25 00:54,changes-paint,geometry
20260925-050934-greg-0034,design/packages/ROBOT-POOL/reference/DR-003_ROBOT-POOL-000_SEED.png,,Sol,,2026-09-25 01:09,20260925-051608-norm-0049,2026-09-25 01:16,changes-paint,geometry
20260925-051436-greg-0035,design/packages/CARGO-BAY/reference/DR-004_CARGO-BAY-000_SEED.png,,Sol,,2026-09-25 01:14,20260925-051809-norm-0050,2026-09-25 01:18,changes-paint,material
20260925-051803-greg-0036,design/packages/CARGO-BAY-ENTRANCE/reference/DR-002_CARGO-BAY-ENTRANCE-090_SEED.png,,Sol,,2026-09-25 01:18,20260925-052010-norm-0051,2026-09-25 01:20,approved,
20260925-052143-greg-0037,design/packages/SPACETRUCK/reference/DR-005_SPACETRUCK-090_SEED.png,,Sol,,2026-09-25 01:21,20260925-052617-norm-0052,2026-09-25 01:26,approved,
20260925-052651-greg-0038,design/packages/FORM-STORAGE-ROOM/reference/DR-006_FORM-STORAGE-ROOM-180_SEED.png,,Sol,,2026-09-25 01:26,20260925-052810-norm-0053,2026-09-25 01:28,approved,
20260925-053040-greg-0039,design/packages/ROBOT-POOL/reference/DR-003_ROBOT-POOL-000_SEED.png,,Sol,,2026-09-25 01:30,20260925-053213-norm-0054,2026-09-25 01:32,approved,
20260925-054424-greg-0040,design/packages/CARGO-BAY/reference/DR-004_CARGO-BAY-000_SEED.png,,Sol,,2026-09-25 01:44,20260925-054549-norm-0055,2026-09-25 01:45,approved,
20260925-094927-greg-0042,design/packages/CARGO-BAY-ENTRANCE/reference/DR-002_CARGO-BAY-ENTRANCE-000_GREG.png,CARGO-BAY-ENTRANCE,Sol,,2026-09-25 05:49,20260925-095422-norm-0068,2026-09-25 05:54,approved,
20260925-095122-greg-0043,design/packages/ROBOT-POOL/reference/DR-003_ROBOT-POOL-090_GREG.png,ROBOT-POOL,Sol,,2026-09-25 05:51,20260925-095805-norm-0070,2026-09-25 05:58,changes-guide,guide
20260925-100116-greg-0045,design/packages/SPACETRUCK/reference/DR-005_SPACETRUCK-000_GREG.png,SPACETRUCK,Sol,,2026-09-25 06:01,20260925-100613-norm-0071,2026-09-25 06:06,changes-guide,guide
20260925-100705-greg-0046,design/packages/SPACETRUCK/reference/DR-005_SPACETRUCK-180_GREG.png,SPACETRUCK,Sol,,2026-09-25 06:07,20260925-101153-norm-0073,2026-09-25 06:11,changes-paint,geometry
20260925-101531-greg-0049,design/packages/CARGO-BAY/reference/DR-004_CARGO-BAY-090_GREG.png,CARGO-BAY,Sol,,2026-09-25 06:15,20260925-102330-norm-0077,2026-09-25 06:23,changes-guide,guide
20260925-102553-greg-0051,design/packages/ROBOT-POOL/reference/DR-003_ROBOT-POOL-090_GREG.png,ROBOT-POOL,Sol,,2026-09-25 06:25,20260925-102707-norm-0078,2026-09-25 06:27,approved,
20260925-103224-greg-0052,design/packages/SPACETRUCK/reference/DR-005_SPACETRUCK-000_GREG.png,SPACETRUCK,Sol,,2026-09-25 06:32,20260925-103328-norm-0079,2026-09-25 06:33,approved,
20260925-103912-greg-0053,design/packages/SPACETRUCK/reference/DR-005_SPACETRUCK-180_GREG.png,SPACETRUCK,Sol,,2026-09-25 06:39,20260925-104320-norm-0081,2026-09-25 06:43,changes-paint,geometry
20260925-104057-greg-0055,design/packages/CARGO-BAY/reference/DR-004_CARGO-BAY-270_GREG.png,CARGO-BAY,Sol,1,2026-09-25 06:40,20260925-104934-norm-0083,2026-09-25 06:49,changes-guide,guide
20260925-104057-greg-0056,design/packages/FORM-STORAGE-ROOM/reference/DR-006_FORM-STORAGE-ROOM-270_GREG.png,FORM-STORAGE-ROOM,Sol,2,2026-09-25 06:40,20260925-104823-norm-0082,2026-09-25 06:48,approved,
20260925-105141-greg-0057,design/packages/CARGO-BAY/reference/DR-004_CARGO-BAY-090_GREG.png,CARGO-BAY,Sol,4,2026-09-25 06:51,20260925-105625-norm-0084,2026-09-25 06:56,changes-paint,geometry
20260925-110311-greg-0060,design/packages/FORM-STORAGE-ROOM/reference/DR-006_FORM-STORAGE-ROOM-000_SEED.png,,Sol,1,2026-09-25 07:03,20260925-110758-norm-0086,2026-09-25 07:07,changes-guide,guide
20260925-110923-greg-0061,design/packages/ROBOT-POOL/reference/DR-003_ROBOT-POOL-180_SEED.png,,Sol,1,2026-09-25 07:09,20260925-111801-norm-0087,2026-09-25 07:18,changes-paint,geometry
20260925-111923-greg-0062,design/packages/SPACETRUCK/reference/DR-005_SPACETRUCK-180_GREG.png,,none (scan-derived),0,2026-09-25 07:19,20260925-112229-norm-0092,2026-09-25 07:22,approved,
20260925-113941-greg-0065,design/packages/CARGO-BAY/reference/DR-004_CARGO-BAY-180_SEED.png,,Sol,2,2026-09-25 07:39,20260925-115458-norm-0097,2026-09-25 07:54,changes-paint,geometry
20260925-114445-greg-0066,design/packages/CARGO-BAY/reference/DR-004_CARGO-BAY-270_GREG.png,,Sol,1,2026-09-25 07:44,20260925-115010-norm-0096,2026-09-25 07:50,changes-guide,guide
20260925-115523-greg-0069,design/packages/SPACETRUCK/reference/DR-005_SPACETRUCK-270_SEED.png,,Sol,1,2026-09-25 07:55,20260925-120406-norm-0098,2026-09-25 08:04,changes-paint,geometry
20260925-120809-greg-0070,design/packages/FORM-STORAGE-ROOM/reference/DR-006_FORM-STORAGE-ROOM-000_SEED.png,,Sol,1,2026-09-25 08:08,20260925-121150-norm-0103,2026-09-25 08:11,changes-paint,geometry
20260925-121729-greg-0072,design/packages/CARGO-BAY/reference/DR-004_CARGO-BAY-090_GREG.png,,Sol,1,2026-09-25 08:17,20260925-122416-norm-0104,2026-09-25 08:24,changes-guide,guide
20260925-122723-greg-0073,design/packages/ROBOT-POOL/reference/DR-003_ROBOT-POOL-180_SEED.png,,Sol,1,2026-09-25 08:27,20260925-123342-norm-0105,2026-09-25 08:33,changes-guide,guide
20260925-123415-greg-0074,design/packages/CARGO-BAY/reference/DR-004_CARGO-BAY-270_GREG.png,,Sol,0,2026-09-25 08:34,20260925-123941-norm-0107,2026-09-25 08:39,changes-paint,content
20260925-125250-greg-0076,design/packages/CARGO-BAY/reference/DR-004_CARGO-BAY-180_SEED.png,CARGO-BAY,Sol,1,2026-09-25 08:52,20260925-130222-norm-0110,2026-09-25 09:02,changes-paint,material
20260925-130106-greg-0077,design/packages/SPACETRUCK/reference/DR-005_SPACETRUCK-270_SEED.png,SPACETRUCK,Sol,1,2026-09-25 09:01,20260925-131125-norm-0111,2026-09-25 09:11,changes-guide,guide
20260925-131233-greg-0078,design/packages/FORM-STORAGE-ROOM/reference/DR-006_FORM-STORAGE-ROOM-000_SEED.png,FORM-STORAGE-ROOM,Sol,1,2026-09-25 09:12,20260925-131728-norm-0112,2026-09-25 09:17,changes-guide,guide
20260925-133604-greg-0081,design/packages/CARGO-BAY/reference/DR-004_CARGO-BAY-090_GREG.png,CARGO-BAY,Sol,1,2026-09-25 09:36,20260925-134318-norm-0116,2026-09-25 09:43,changes-guide,guide
20260925-134239-greg-0082,design/packages/ROBOT-POOL/reference/DR-003_ROBOT-POOL-180_SEED.png,ROBOT-POOL,Sol,1,2026-09-25 09:42,20260925-134745-norm-0118,2026-09-25 09:47,approved,
20260925-135149-greg-0083,design/packages/CARGO-BAY/reference/DR-004_CARGO-BAY-270_GREG.png,CARGO-BAY,Sol,1,2026-09-25 09:51,20260925-144915-norm-0127,2026-09-25 10:49,changes-paint,geometry
20260925-135331-greg-0084,design/packages/FORM-STORAGE-ROOM/reference/DR-006_FORM-STORAGE-ROOM-000_SEED.png,FORM-STORAGE-ROOM,none (scan-derived),1,2026-09-25 09:53,20260925-135703-norm-0119,2026-09-25 09:57,approved,
20260925-140426-greg-0085,design/packages/CARGO-BAY/reference/DR-004_CARGO-BAY-090_GREG.png,CARGO-BAY,Sol,1,2026-09-25 10:04,20260925-141157-norm-0121,2026-09-25 10:11,changes-guide,guide
20260925-141506-greg-0086,design/packages/CARGO-BAY/reference/DR-004_CARGO-BAY-180_SEED.png,CARGO-BAY,Sol,1,2026-09-25 10:15,20260925-142344-norm-0122,2026-09-25 10:23,changes-paint,material
20260925-142301-greg-0087,design/packages/SPACETRUCK/reference/DR-005_SPACETRUCK-270_SEED.png,SPACETRUCK,none (scan-derived),1,2026-09-25 10:23,20260925-142536-norm-0124,2026-09-25 10:25,approved,
20260925-143434-greg-0089,design/packages/CARGO-BAY/reference/DR-004_CARGO-BAY-090_GREG.png,CARGO-BAY,none (scan-derived),1,2026-09-25 10:34,20260925-144145-norm-0125,2026-09-25 10:41,approved,
20260925-144300-greg-0090,design/packages/CARGO-BAY/reference/DR-004_CARGO-BAY-180_SEED.png,CARGO-BAY,Sol,1,2026-09-25 10:43,20260925-144716-norm-0126,2026-09-25 10:47,approved,
20260925-150925-greg-0091,design/packages/CARGO-BAY/reference/DR-004_CARGO-BAY-270_GREG.png,CARGO-BAY,Sol,1,2026-09-25 11:09,20260925-151257-norm-0128,2026-09-25 11:12,approved,
20260925-164343-greg-0092,design/packages/LEVEL-FIVE/reference/DR-007_LEVEL-FIVE-177_SEED.png,LEVEL-FIVE,Sol,,2026-09-25 12:43,20260925-165551-norm-0133,2026-09-25 12:55,changes-paint,content
20260925-171133-greg-0094,design/packages/LEVEL-FIVE/reference/DR-007_LEVEL-FIVE-177_SEED.png,LEVEL-FIVE,Sol,,2026-09-25 13:11,20260925-171803-norm-0136,2026-09-25 13:18,changes-guide,guide
20260925-172841-greg-0096,design/packages/LEVEL-FIVE/reference/DR-007_LEVEL-FIVE-177_SEED.png,LEVEL-FIVE,Sol,,2026-09-25 13:28,20260925-173120-norm-0137,2026-09-25 13:31,approved,
20260925-175336-greg-0097,design/packages/SOUTH-JUNCTION/reference/DR-008_SOUTH-JUNCTION-239_SEED.png,SOUTH-JUNCTION,Sol,,2026-09-25 13:53,20260925-175925-norm-0139,2026-09-25 13:59,approved,
20260925-185744-greg-0098,design/packages/LEVEL-FIVE/reference/DR-007_LEVEL-FIVE-087_GREG.png,LEVEL-FIVE,Sol,,2026-09-25 14:57,20260925-190535-norm-0145,2026-09-25 15:05,changes-paint,material
20260925-194444-greg-0101,design/packages/COMMANDERS-OFFICE/reference/DR-009_COMMANDERS-OFFICE-189_SEED.png,COMMANDERS-OFFICE,Sol,,2026-09-25 15:44,20260925-194852-norm-0151,2026-09-25 15:48,approved,
20260925-195248-greg-0102,design/packages/COMM-CENTER/reference/DR-010_COMM-CENTER-193_SEED.png,COMM-CENTER,Sol,,2026-09-25 15:52,20260925-195853-norm-0152,2026-09-25 15:58,approved,
20260925-200736-greg-0103,design/packages/PX/reference/DR-011_PX-132_SEED.png,PX,Sol,,2026-09-25 16:07,20260925-201119-norm-0153,2026-09-25 16:11,approved,
20260925-203729-greg-0104,design/packages/LEVEL-FIVE/reference/DR-007_LEVEL-FIVE-087_GREG.png,LEVEL-FIVE,Sol,,2026-09-25 16:37,,,withdrawn,
20260925-212208-greg-0108,design/packages/LEVEL-FIVE/reference/DR-007_LEVEL-FIVE-087_GREG.png,LEVEL-FIVE,Sol,,2026-09-25 17:22,20260925-212739-norm-0160,2026-09-25 17:27,approved,
20260926-014535-greg-0110,design/packages/SICK-BAY/reference/DR-013_SICK-BAY-047_SEED.png,SICK-BAY,Sol,,2026-09-25 21:45,20260926-015843-norm-0165,2026-09-25 21:58,approved,
20260926-105020-greg-0111,design/packages/STATION-CONTROL/reference/DR-014_STATION-CONTROL-357_SEED.png,STATION-CONTROL,Sol,,2026-09-26 06:50,20260926-110954-norm-0166,2026-09-26 07:09,approved,
20260926-113943-greg-0112,design/packages/COMMANDERS-OFFICE/reference/DR-009_COMMANDERS-OFFICE-099_GREG.png,COMMANDERS-OFFICE,Sol,,2026-09-26 07:39,20260926-115654-norm-0168,2026-09-26 07:56,approved,
20260926-141117-greg-0114,design/packages/COMM-CENTER/reference/DR-010_COMM-CENTER-283_GREG.png,COMM-CENTER,Sol,2,2026-09-26 10:11,20260926-142306-norm-0172,2026-09-26 10:23,changes-guide,guide
20260926-143012-greg-0117,design/packages/PX/reference/DR-011_PX-222_GREG.png,PX,Sol,,2026-09-26 10:30,20260926-144301-norm-0174,2026-09-26 10:43,changes-guide,guide
20260926-151601-greg-0120,design/packages/COMM-CENTER/reference/DR-010_COMM-CENTER-283_GREG.png,COMM-CENTER,Sol,,2026-09-26 11:16,20260926-152325-norm-0177,2026-09-26 11:23,changes-paint,material
20260926-153916-greg-0123,design/packages/PX/reference/DR-011_PX-222_GREG.png,PX,Sol,,2026-09-26 11:39,20260926-154643-norm-0178,2026-09-26 11:46,approved,
20260926-154507-greg-0124,design/packages/COMM-CENTER/reference/DR-010_COMM-CENTER-283_GREG.png,COMM-CENTER,Sol,,2026-09-26 11:45,20260926-155128-norm-0179,2026-09-26 11:51,approved,
20260926-162252-greg-0125,design/packages/COMMANDERS-OFFICE/reference/DR-009_COMMANDERS-OFFICE-279_GREG.png,COMMANDERS-OFFICE,Sol,,2026-09-26 12:22,20260926-163643-norm-0183,2026-09-26 12:36,changes-guide,guide
20260926-163849-greg-0126,design/packages/COMM-CENTER/reference/DR-010_COMM-CENTER-103_GREG.png,COMM-CENTER,Sol,,2026-09-26 12:38,20260926-164533-norm-0184,2026-09-26 12:45,changes-paint,geometry
20260926-164907-greg-0127,design/packages/PX/reference/DR-011_PX-042_GREG.png,PX,Sol,,2026-09-26 12:49,20260926-165930-norm-0185,2026-09-26 12:59,changes-paint,material
20260926-165408-greg-0128,design/packages/COMMANDERS-OFFICE/reference/DR-009_COMMANDERS-OFFICE-279_GREG.png,COMMANDERS-OFFICE,Sol,,2026-09-26 12:54,20260926-170856-norm-0186,2026-09-26 13:08,approved,
20260926-170605-greg-0129,design/packages/COMM-CENTER/reference/DR-010_COMM-CENTER-103_GREG.png,COMM-CENTER,Sol,,2026-09-26 13:06,20260926-170857-norm-0187,2026-09-26 13:08,approved,
20260926-173038-greg-0132,design/packages/PX/reference/DR-011_PX-042_GREG.png,PX,Sol,,2026-09-26 13:30,,,withdrawn,
20260926-173321-greg-0133,design/packages/PX/reference/DR-011_PX-042_GREG.png,PX,Sol,,2026-09-26 13:33,,,withdrawn,
20260926-173627-greg-0134,design/packages/COMM-CENTER/reference/DR-010_COMM-CENTER-283_GREG_R2.png,COMM-CENTER,Sol,,2026-09-26 13:36,20260926-173731-norm-0191,2026-09-26 13:37,approved,
20260926-174058-greg-0135,design/packages/PX/reference/DR-011_PX-042_GREG.png,PX,Sol,,2026-09-26 13:40,,,withdrawn,
20260926-175500-greg-0136,design/packages/PX/reference/DR-011_PX-042_GREG.png,PX,Sol,,2026-09-26 13:55,20260926-175629-norm-0195,2026-09-26 13:56,approved,
20260926-175959-greg-0137,design/packages/COMM-CENTER/reference/DR-010_COMM-CENTER-283_GREG_R3.png,COMM-CENTER,Sol,,2026-09-26 13:59,20260926-180255-norm-0196,2026-09-26 14:02,changes-paint,material
20260926-180327-greg-0138,design/packages/COMM-CENTER/reference/DR-010_COMM-CENTER-103_GREG_R2.png,COMM-CENTER,Sol,,2026-09-26 14:03,20260926-180800-norm-0198,2026-09-26 14:08,approved,
20260926-180527-greg-0139,design/packages/COMM-CENTER/reference/DR-010_COMM-CENTER-283_GREG_R3.png,COMM-CENTER,Sol,,2026-09-26 14:05,20260926-180759-norm-0197,2026-09-26 14:07,approved,
20260926-191540-greg-0140,design/packages/COMMANDERS-OFFICE/reference/DR-009_COMMANDERS-OFFICE-009_GREG.png,COMMANDERS-OFFICE,Sol,,2026-09-26 15:15,20260926-193046-norm-0202,2026-09-26 15:30,approved,
20260926-195703-greg-0142,design/packages/SICK-BAY/reference/DR-013_SICK-BAY-137_GREG.png,SICK-BAY,Sol,,2026-09-26 15:57,20260926-200256-norm-0204,2026-09-26 16:02,approved,
20260926-205923-greg-0144,design/packages/COMM-CENTER/reference/DR-010_COMM-CENTER-013_GREG.png,COMM-CENTER,Sol,,2026-09-26 16:59,20260926-210520-norm-0207,2026-09-26 17:05,approved,
20260926-211707-greg-0147,design/packages/SICK-BAY/reference/DR-013_SICK-BAY-317_GREG.png,SICK-BAY,Sol,,2026-09-26 17:17,20260926-212344-norm-0210,2026-09-26 17:23,approved,
20260926-212730-greg-0149,design/packages/PX/reference/DR-011_PX-312_GREG.png,PX,Sol,,2026-09-26 17:27,20260926-212831-norm-0212,2026-09-26 17:28,approved,
20260926-221839-greg-0152,design/packages/STATION-CONTROL/reference/DR-014_STATION-CONTROL-087_GREG.png,STATION-CONTROL,Sol,,2026-09-26 18:18,20260926-221921-norm-0217,2026-09-26 18:19,approved,
20260926-231052-greg-0154,design/packages/STATION-CONTROL/reference/DR-014_STATION-CONTROL-267_GREG.png,STATION-CONTROL,Sol,,2026-09-26 19:10,20260926-233124-norm-0222,2026-09-26 19:31,changes-paint,geometry
20260926-234721-greg-0156,design/packages/LEVEL-FIVE/reference/DR-007_LEVEL-FIVE-357_GREG.png,LEVEL-FIVE,Sol,,2026-09-26 19:47,20260926-235232-norm-0224,2026-09-26 19:52,changes-paint,material
20260927-000412-greg-0157,design/packages/STATION-CONTROL/reference/DR-014_STATION-CONTROL-267_GREG.png,STATION-CONTROL,Sol,,2026-09-26 20:04,20260927-000954-norm-0226,2026-09-26 20:09,approved,
20260927-001836-greg-0160,design/packages/STATION-CONTROL/reference/DR-014_STATION-CONTROL-087_GREG_R1.png,STATION-CONTROL,Sol,,2026-09-26 20:18,20260927-002956-norm-0232,2026-09-26 20:29,changes-paint,content
20260927-002239-greg-0161,design/packages/LEVEL-FIVE/reference/DR-007_LEVEL-FIVE-357_GREG.png,LEVEL-FIVE,Sol,,2026-09-26 20:22,20260927-003652-norm-0234,2026-09-26 20:36,approved,
20260927-003547-greg-0163,design/packages/BRIEFING-ROOM/reference/DR-017_BRIEFING-ROOM-309_SEED.png,BRIEFING-ROOM,Sol,,2026-09-26 20:35,20260927-004641-norm-0235,2026-09-26 20:46,changes-guide,guide
20260927-005614-greg-0165,design/packages/WORKSHOP/reference/DR-019_WORKSHOP-076_SEED.png,WORKSHOP,Sol,,2026-09-26 20:56,20260927-010634-norm-0237,2026-09-26 21:06,changes-guide,guide
20260927-010757-greg-0166,design/packages/ROBOT-SHOP/reference/DR-018_ROBOT-SHOP-054_SEED.png,ROBOT-SHOP,Sol,,2026-09-26 21:07,20260927-011428-norm-0240,2026-09-26 21:14,changes-guide,guide
20260927-012652-greg-0168,design/packages/COMMANDERS-QUARTERS/reference/DR-016_COMMANDERS-QUARTERS-288_SEED.png,COMMANDERS-QUARTERS,Sol,,2026-09-26 21:26,20260927-014137-norm-0242,2026-09-26 21:41,changes-paint,geometry
20260927-015317-greg-0170,design/packages/BRIEFING-ROOM/reference/DR-017_BRIEFING-ROOM-309_SEED.png,BRIEFING-ROOM,Sol,,2026-09-26 21:53,20260927-020633-norm-0245,2026-09-26 22:06,approved,
20260927-102610-greg-0173,design/packages/WORKSHOP/reference/DR-019_WORKSHOP-076_SEED.png,WORKSHOP,Sol,2,2026-09-27 06:26,,,withdrawn,
20260927-102854-greg-0174,design/packages/ROBOT-SHOP/reference/DR-018_ROBOT-SHOP-054_SEED.png,ROBOT-SHOP,Sol,1,2026-09-27 06:28,,,withdrawn,
20260927-104141-greg-0176,design/characters/LOG-READER.png,,Sol,2,2026-09-27 06:41,20260927-111307-norm-0262,2026-09-27 07:13,approved,
20260927-104141-greg-0176,design/characters/LOG-READER@BUTTON-LIT.png,,Sol,2,2026-09-27 06:41,20260927-111307-norm-0262,2026-09-27 07:13,approved,
20260927-104141-greg-0176,design/packages/COMMANDERS-OFFICE/reference/DR-009_COMMANDERS-OFFICE_READER-SCAR.png,,Sol,2,2026-09-27 06:41,20260927-111307-norm-0262,2026-09-27 07:13,approved,
20260927-110606-greg-0178,design/packages/EAST-JUNCTION/reference/DR-022_EAST-JUNCTION-090_SEED.png,EAST-JUNCTION,Sol,,2026-09-27 07:06,20260927-114805-norm-0273,2026-09-27 07:48,changes-paint,geometry
20260927-115805-greg-0181,design/packages/ROBOT-SHOP/reference/DR-018_ROBOT-SHOP-054_SEED.png,ROBOT-SHOP,Sol,,2026-09-27 07:58,20260927-120919-norm-0278,2026-09-27 08:09,changes-paint,geometry
20260927-120922-greg-0182,design/packages/WORKSHOP/reference/DR-019_WORKSHOP-076_SEED.png,WORKSHOP,Sol,,2026-09-27 08:09,20260927-122221-norm-0280,2026-09-27 08:22,changes-paint,geometry
20260927-122359-greg-0183,design/packages/ROBOT-SHOP/reference/DR-018_ROBOT-SHOP-054_SEED.png,ROBOT-SHOP,Sol,,2026-09-27 08:23,,,withdrawn,
20260927-123528-greg-0184,design/packages/WORKSHOP/reference/DR-019_WORKSHOP-076_SEED.png,WORKSHOP,Sol,,2026-09-27 08:35,,,withdrawn,
20260927-125906-greg-0188,design/packages/COMMANDERS-QUARTERS/reference/DR-016_COMMANDERS-QUARTERS-288_SEED.png,COMMANDERS-QUARTERS,Sol,,2026-09-27 08:59,20260927-130851-norm-0287,2026-09-27 09:08,approved,
20260927-130337-greg-0189,design/packages/EAST-JUNCTION/reference/DR-022_EAST-JUNCTION-090_SEED.png,EAST-JUNCTION,Sol,,2026-09-27 09:03,20260927-131515-norm-0290,2026-09-27 09:15,changes-paint,material
20260927-132449-greg-0190,design/packages/LEVEL-FIVE/reference/DR-007_LEVEL-FIVE-087@CAR-HERE_GREG.png,LEVEL-FIVE,Sol,,2026-09-27 09:24,20260927-132554-norm-0292,2026-09-27 09:25,approved,
20260927-133448-greg-0191,design/packages/LEVEL-FIVE/reference/DR-007_LEVEL-FIVE-087@CAR-ABOVE_GREG.png,LEVEL-FIVE,Sol,,2026-09-27 09:34,20260927-133554-norm-0293,2026-09-27 09:35,approved,
20260927-134526-greg-0192,design/packages/LEVEL-FIVE/reference/DR-007_LEVEL-FIVE-087@CAR-BELOW_GREG.png,LEVEL-FIVE,Sol,,2026-09-27 09:45,20260927-140025-norm-0294,2026-09-27 10:00,changes-paint,geometry
20260927-140039-greg-0193,design/characters/PLATO.png,,Sol,,2026-09-27 10:00,20260927-140157-norm-0295,2026-09-27 10:01,approved,
20260927-140039-greg-0193,design/characters/PLATO@STUN-RAY.png,,Sol,,2026-09-27 10:00,20260927-140157-norm-0295,2026-09-27 10:01,approved,
20260927-143244-greg-0195,design/packages/STATION-CONTROL/reference/DR-014_STATION-CONTROL-087_GREG_R1.png,STATION-CONTROL,Sol,,2026-09-27 10:32,20260927-143358-norm-0297,2026-09-27 10:33,approved,
20260927-145548-greg-0198,design/packages/EAST-CONNECTION/reference/DR-020_EAST-CONNECTION-090_SEED.png,EAST-CONNECTION,Sol,,2026-09-27 10:55,20260927-162000-norm-0306,2026-09-27 12:20,changes-paint,material
20260927-151141-greg-0199,design/packages/SOUTH-CONNECTION/reference/DR-024_SOUTH-CONNECTION-180_SEED.png,SOUTH-CONNECTION,Sol,,2026-09-27 11:11,20260927-155258-norm-0305,2026-09-27 11:52,changes-paint,material
20260927-152202-greg-0200,design/packages/ROBOT-SHOP/reference/DR-018_ROBOT-SHOP-144_GREG.png,ROBOT-SHOP,Sol,,2026-09-27 11:22,20260927-172841-norm-0313,2026-09-27 13:28,approved,
20260927-160828-greg-0201,design/packages/ROBOT-SHOP/reference/DR-018_ROBOT-SHOP-324_GREG.png,ROBOT-SHOP,Sol,,2026-09-27 12:08,20260927-165237-norm-0309,2026-09-27 12:52,changes-paint,content
20260927-162551-greg-0202,design/packages/EAST-JUNCTION/reference/DR-022_EAST-JUNCTION-090_SEED.png,EAST-JUNCTION,Sol,,2026-09-27 12:25,20260927-165711-norm-0310,2026-09-27 12:57,approved,
20260927-163908-greg-0203,design/packages/WORKSHOP/reference/DR-019_WORKSHOP-346_GREG.png,WORKSHOP,Sol,,2026-09-27 12:39,20260927-172842-norm-0314,2026-09-27 13:28,approved,
20260927-164759-greg-0204,design/packages/LEVEL-FIVE/reference/DR-007_LEVEL-FIVE-087@CAR-BELOW_GREG.png,LEVEL-FIVE,Sol,,2026-09-27 12:47,20260927-164950-norm-0308,2026-09-27 12:49,approved,
20260927-165517-greg-0205,design/packages/NORTH-CONNECTION/reference/DR-023_NORTH-CONNECTION-000_SEED.png,NORTH-CONNECTION,Sol,,2026-09-27 12:55,20260927-175054-norm-0316,2026-09-27 13:50,changes-paint,material
20260927-170722-greg-0206,design/packages/COMMANDERS-QUARTERS/reference/DR-016_COMMANDERS-QUARTERS-018_GREG.png,COMMANDERS-QUARTERS,Sol,,2026-09-27 13:07,20260927-193844-norm-0325,2026-09-27 15:38,changes-paint,material
20260927-171837-greg-0207,design/packages/COMMANDERS-QUARTERS/reference/DR-016_COMMANDERS-QUARTERS-198_GREG.png,COMMANDERS-QUARTERS,Sol,,2026-09-27 13:18,20260927-181848-norm-0321,2026-09-27 14:18,changes-paint,geometry
20260927-173041-greg-0208,design/packages/SOUTH-CONNECTION/reference/DR-024_SOUTH-CONNECTION-180_SEED.png,SOUTH-CONNECTION,Sol,,2026-09-27 13:30,20260927-194356-norm-0327,2026-09-27 15:43,approved,
20260927-173929-greg-0209,design/packages/EAST-CONNECTION/reference/DR-020_EAST-CONNECTION-090_SEED.png,EAST-CONNECTION,Sol,,2026-09-27 13:39,20260927-174231-norm-0315,2026-09-27 13:42,approved,
20260927-175926-greg-0210,design/packages/BRIG/reference/DR-025_BRIG-054_SEED.png,BRIG,Sol,,2026-09-27 13:59,20260927-194331-norm-0326,2026-09-27 15:43,changes-paint,material
20260927-182046-greg-0212,design/packages/NORTH-CONNECTION/reference/DR-023_NORTH-CONNECTION-000_SEED.png,NORTH-CONNECTION,Sol,,2026-09-27 14:20,20260927-193017-norm-0324,2026-09-27 15:30,approved,
20260927-183528-greg-0213,design/characters/REX.png,,Sol,,2026-09-27 14:35,20260927-192559-norm-0322,2026-09-27 15:25,approved,
20260927-184624-greg-0214,design/characters/HELEN.png,,Sol,,2026-09-27 14:46,20260927-192602-norm-0323,2026-09-27 15:26,approved,
20260927-190334-greg-0215,design/packages/ROBOT-SHOP/reference/DR-018_ROBOT-SHOP-324_GREG.png,ROBOT-SHOP,Sol,,2026-09-27 15:03,20260927-212000-norm-0340,2026-09-27 17:20,approved,
20260927-193625-greg-0216,design/packages/COMMANDERS-QUARTERS/reference/DR-016_COMMANDERS-QUARTERS-198_GREG.png,COMMANDERS-QUARTERS,Sol,,2026-09-27 15:36,20260927-205924-norm-0335,2026-09-27 16:59,changes-paint,material
20260927-200033-greg-0217,design/packages/COMMANDERS-QUARTERS/reference/DR-016_COMMANDERS-QUARTERS-018_GREG.png,COMMANDERS-QUARTERS,Sol,,2026-09-27 16:00,20260927-202927-norm-0331,2026-09-27 16:29,unjudged,
20260927-201143-greg-0218,design/packages/BRIG/reference/DR-025_BRIG-054_SEED.png,BRIG,Sol,,2026-09-27 16:11,20260927-204401-norm-0333,2026-09-27 16:44,approved,
20260927-202549-greg-0219,design/packages/SPACETRUCK/reference/DR-005_SPACETRUCK-090@VIEWPORT-SPACE_GREG.png,SPACETRUCK,Sol,,2026-09-27 16:25,20260927-210054-norm-0336,2026-09-27 17:00,approved,
20260927-203111-greg-0220,design/packages/SPACETRUCK/reference/DR-005_SPACETRUCK-090@VIEWPORT-APPROACH_GREG.png,SPACETRUCK,Sol,,2026-09-27 16:31,20260927-212734-norm-0342,2026-09-27 17:27,changes-paint,material
20260927-205346-greg-0221,design/packages/FILE-ROOM/reference/DR-015_FILE-ROOM-280_SEED.png,FILE-ROOM,Sol,,2026-09-27 16:53,20260927-211846-norm-0339,2026-09-27 17:18,approved,
20260927-211454-greg-0222,design/packages/SOUTH-CONNECTION/reference/DR-024_SOUTH-CONNECTION-090_GREG.png,SOUTH-CONNECTION,Sol,,2026-09-27 17:14,20260927-221613-norm-0346,2026-09-27 18:16,changes-paint,material
20260927-214959-greg-0223,design/packages/EAST-JUNCTION/reference/DR-022_EAST-JUNCTION-000_GREG.png,EAST-JUNCTION,Sol,,2026-09-27 17:49,20260927-221724-norm-0347,2026-09-27 18:17,changes-paint,geometry
20260927-215609-greg-0224,design/packages/COMMANDERS-QUARTERS/reference/DR-016_COMMANDERS-QUARTERS-198_GREG.png,COMMANDERS-QUARTERS,Sol,,2026-09-27 17:56,20260927-233608-norm-0349,2026-09-27 19:36,unjudged,
20260927-220313-greg-0225,design/packages/BRIG/reference/DR-025_BRIG-324_GREG.png,BRIG,Sol,,2026-09-27 18:03,20260927-222241-norm-0348,2026-09-27 18:22,changes-paint,material
20260927-221952-greg-0226,design/packages/BRIG/reference/DR-025_BRIG-144_GREG.png,BRIG,Sol,,2026-09-27 18:19,20260927-233632-norm-0350,2026-09-27 19:36,changes-paint,geometry
20260927-222407-greg-0227,design/packages/ROBOT-SHOP/reference/DR-018_ROBOT-SHOP-234_GREG.png,ROBOT-SHOP,Sol,,2026-09-27 18:24,20260927-234435-norm-0352,2026-09-27 19:44,changes-paint,geometry
20260927-224014-greg-0228,design/packages/SPACETRUCK/reference/DR-005_SPACETRUCK-090@VIEWPORT-APPROACH_GREG.png,SPACETRUCK,Sol,,2026-09-27 18:40,20260927-234742-norm-0353,2026-09-27 19:47,approved,
20260927-224846-greg-0229,design/packages/LEVEL-FOUR/reference/DR-026_LEVEL-FOUR-175_SEED.png,LEVEL-FOUR,Sol,,2026-09-27 18:48,20260928-002208-norm-0362,2026-09-27 20:22,changes-paint,geometry
20260927-225650-greg-0230,design/packages/LEVEL-THREE/reference/DR-027_LEVEL-THREE-177_SEED.png,LEVEL-THREE,Sol,,2026-09-27 18:56,20260928-001242-norm-0358,2026-09-27 20:12,changes-paint,content
20260927-231442-greg-0231,design/packages/FILE-ROOM/reference/DR-015_FILE-ROOM-010_GREG.png,FILE-ROOM,Sol,,2026-09-27 19:14,20260928-002145-norm-0361,2026-09-27 20:21,changes-paint,geometry
20260927-232832-greg-0232,design/packages/SOUTH-CONNECTION/reference/DR-024_SOUTH-CONNECTION-090_GREG.png,SOUTH-CONNECTION,Sol,,2026-09-27 19:28,20260927-234758-norm-0354,2026-09-27 19:47,approved,
20260927-234040-greg-0233,design/packages/EAST-JUNCTION/reference/DR-022_EAST-JUNCTION-000_GREG.png,EAST-JUNCTION,Sol,,2026-09-27 19:40,20260928-001209-norm-0357,2026-09-27 20:12,approved,
20260927-234857-greg-0234,design/packages/BRIG/reference/DR-025_BRIG-324_GREG.png,BRIG,Sol,,2026-09-27 19:48,20260928-000028-norm-0355,2026-09-27 20:00,approved,
20260927-235554-greg-0235,design/packages/BRIG/reference/DR-025_BRIG-144_GREG.png,BRIG,Sol,,2026-09-27 19:55,20260928-000518-norm-0356,2026-09-27 20:05,approved,
20260928-000746-greg-0236,design/packages/ROBOT-SHOP/reference/DR-018_ROBOT-SHOP-234_GREG.png,ROBOT-SHOP,Sol,,2026-09-27 20:07,20260928-001401-norm-0359,2026-09-27 20:14,approved,
20260928-002454-greg-0238,design/packages/LEVEL-THREE/reference/DR-027_LEVEL-THREE-177_SEED.png,LEVEL-THREE,Sol,,2026-09-27 20:24,20260928-003712-norm-0363,2026-09-27 20:37,approved,
20260928-004329-greg-0239,design/packages/FILE-ROOM/reference/DR-015_FILE-ROOM-010_GREG.png,FILE-ROOM,Sol,,2026-09-27 20:43,20260928-014612-norm-0365,2026-09-27 21:46,changes-guide,guide
20260928-010343-greg-0240,design/packages/LEVEL-FOUR/reference/DR-026_LEVEL-FOUR-175_SEED.png,LEVEL-FOUR,Sol,,2026-09-27 21:03,20260928-013808-norm-0364,2026-09-27 21:38,changes-paint,geometry
20260928-020014-greg-0241,design/packages/LEVEL-FOUR/reference/DR-026_LEVEL-FOUR-175_SEED.png,LEVEL-FOUR,Sol,,2026-09-27 22:00,20260928-020513-norm-0366,2026-09-27 22:05,approved,
20260928-022250-greg-0242,design/packages/FILE-ROOM/reference/DR-015_FILE-ROOM-010_GREG.png,FILE-ROOM,Sol,,2026-09-27 22:22,20260928-023605-norm-0368,2026-09-27 22:36,approved,
20260928-023436-greg-0243,design/packages/LEVEL-THREE/reference/DR-027_LEVEL-THREE-267_GREG.png,LEVEL-THREE,Sol,,2026-09-27 22:34,20260928-025756-norm-0369,2026-09-27 22:57,approved,
20260928-031939-greg-0244,design/packages/CHAPEL/reference/DR-028_CHAPEL-263_SEED.png,CHAPEL,Sol,,2026-09-27 23:19,20260928-034420-norm-0379,2026-09-27 23:44,approved,
20260928-033143-greg-0245,design/packages/GYM/reference/DR-029_GYM-184_SEED.png,GYM,Sol,,2026-09-27 23:31,20260928-033848-norm-0378,2026-09-27 23:38,approved,
20260928-033830-greg-0246,design/packages/LEVEL-THREE/reference/DR-027_LEVEL-THREE-357_GREG.png,LEVEL-THREE,Sol,,2026-09-27 23:38,20260928-035126-norm-0380,2026-09-27 23:51,approved,
20260928-035655-greg-0247,design/packages/LEVEL-FOUR/reference/DR-026_LEVEL-FOUR-265_GREG.png,LEVEL-FOUR,Sol,,2026-09-27 23:56,20260928-044727-norm-0385,2026-09-28 00:47,changes-paint,material
20260928-042719-greg-0248,design/packages/GYM/reference/DR-029_GYM-004_GREG.png,GYM,Sol,,2026-09-28 00:27,20260928-050008-norm-0386,2026-09-28 01:00,changes-paint,material
20260928-043839-greg-0249,design/packages/CHAPEL/reference/DR-028_CHAPEL-083_GREG.png,CHAPEL,Sol,,2026-09-28 00:38,20260928-051147-norm-0387,2026-09-28 01:11,changes-paint,light
20260928-051121-greg-0250,design/packages/LEVEL-FOUR/reference/DR-026_LEVEL-FOUR-265_GREG.png,LEVEL-FOUR,Sol,,2026-09-28 01:11,20260928-054347-norm-0389,2026-09-28 01:43,changes-paint,material
20260928-051855-greg-0251,design/packages/GYM/reference/DR-029_GYM-004_GREG.png,GYM,Sol,,2026-09-28 01:18,20260928-053051-norm-0388,2026-09-28 01:30,approved,
20260928-053158-greg-0252,design/packages/CHAPEL/reference/DR-028_CHAPEL-083_GREG.png,CHAPEL,Sol,,2026-09-28 01:31,20260928-055921-norm-0390,2026-09-28 01:59,approved,
20260928-061156-greg-0253,design/packages/LEVEL-FOUR/reference/DR-026_LEVEL-FOUR-265_GREG.png,LEVEL-FOUR,Sol,,2026-09-28 02:11,20260928-062453-norm-0393,2026-09-28 02:24,approved,
20260928-065212-greg-0254,design/packages/LAUNDRY/reference/DR-030_LAUNDRY-160_SEED.png,LAUNDRY,Sol,,2026-09-28 02:52,20260928-065937-norm-0397,2026-09-28 02:59,approved,
20260928-065743-greg-0255,design/packages/THEATRE/reference/DR-031_THEATRE-343_SEED.png,THEATRE,Sol,,2026-09-28 02:57,20260928-070218-norm-0398,2026-09-28 03:02,approved,
20260928-071622-greg-0256,design/packages/SOUTH-CONNECTION/reference/DR-024_SOUTH-CONNECTION-180@IRIS-HATCH-OPEN_GREG.png,SOUTH-CONNECTION,Sol,,2026-09-28 03:16,20260928-071938-norm-0400,2026-09-28 03:19,approved,
20260928-073645-greg-0257,design/packages/LEVEL-FOUR/reference/DR-026_LEVEL-FOUR-355_GREG.png,LEVEL-FOUR,Sol,,2026-09-28 03:36,20260928-074722-norm-0403,2026-09-28 03:47,approved,
20260928-080702-greg-0258,design/packages/THEATRE/reference/DR-031_THEATRE-163_GREG.png,THEATRE,Sol,,2026-09-28 04:07,20260928-081356-norm-0406,2026-09-28 04:13,approved,
20260928-081328-greg-0259,design/packages/LAUNDRY/reference/DR-030_LAUNDRY-250_GREG.png,LAUNDRY,Sol,,2026-09-28 04:13,20260928-083838-norm-0407,2026-09-28 04:38,changes-paint,material
20260928-081328-greg-0259,scripts/out/joins/DR-030_LAUNDRY-250_RESTORED_CHECK_JOINS.png,LAUNDRY,Sol,,2026-09-28 04:13,20260928-083838-norm-0407,2026-09-28 04:38,unjudged,
20260928-085224-greg-0260,design/packages/LAUNDRY/reference/DR-030_LAUNDRY-250_GREG.png,LAUNDRY,Sol,,2026-09-28 04:52,20260928-085506-norm-0410,2026-09-28 04:55,approved,
20260928-090031-greg-0261,design/packages/FEMALE-BARRACKS/reference/DR-032_FEMALE-BARRACKS-294_SEED.png,FEMALE-BARRACKS,Sol,,2026-09-28 05:00,20260928-091900-norm-0411,2026-09-28 05:19,approved,
20260928-091744-greg-0262,design/packages/BARRACKS-SANFAC/reference/DR-034_BARRACKS-SANFAC-353_SEED.png,BARRACKS-SANFAC,Sol,,2026-09-28 05:17,20260928-093013-norm-0412,2026-09-28 05:30,approved,
20260928-105802-greg-0263,design/characters/PULPIT.png,,Sol,7,2026-09-28 06:58,20260928-105952-norm-0416,2026-09-28 06:59,approved,
20260928-105802-greg-0263,design/characters/PULPIT@OPEN.png,,Sol,7,2026-09-28 06:58,20260928-105952-norm-0416,2026-09-28 06:59,approved,
20260928-105802-greg-0263,design/characters/STAR.png,,Sol,7,2026-09-28 06:58,20260928-105952-norm-0416,2026-09-28 06:59,approved,
20260928-105802-greg-0263,design/characters/STAR@LIT.png,,Sol,7,2026-09-28 06:58,20260928-105952-norm-0416,2026-09-28 06:59,approved,
20260928-105802-greg-0263,design/characters/STAR@HANGING.png,,Sol,7,2026-09-28 06:58,20260928-105952-norm-0416,2026-09-28 06:59,approved,
20260928-105802-greg-0263,design/characters/ETERNAL-FLAME.png,,Sol,7,2026-09-28 06:58,20260928-105952-norm-0416,2026-09-28 06:59,approved,
20260928-110446-greg-0264,design/characters/PUCE-SPOOL.png,,Sol,3,2026-09-28 07:04,20260928-110556-norm-0417,2026-09-28 07:05,approved,
20260928-110446-greg-0264,design/characters/LILAC-SPOOL.png,,Sol,3,2026-09-28 07:04,20260928-110556-norm-0417,2026-09-28 07:05,approved,
20260928-110446-greg-0264,design/characters/MAUVE-SPOOL.png,,Sol,3,2026-09-28 07:04,20260928-110556-norm-0417,2026-09-28 07:05,approved,
20260928-111441-greg-0265,design/packages/FEMALE-BARRACKS/reference/DR-032_FEMALE-BARRACKS-029_GREG.png,FEMALE-BARRACKS,Sol,2,2026-09-28 07:14,20260928-111818-norm-0419,2026-09-28 07:18,approved,
20260928-111936-greg-0266,design/packages/DOCKING-BAY-3/reference/DR-035_DOCKING-BAY-3-131_SEED.png,DOCKING-BAY-3,Sol,1,2026-09-28 07:19,20260928-112127-norm-0421,2026-09-28 07:21,approved,
20260928-114638-greg-0267,design/packages/COMMANDERS-QUARTERS/reference/DR-016_COMMANDERS-QUARTERS-288@SAFE-BLOWN_GREG.png,COMMANDERS-QUARTERS,Sol,2,2026-09-28 07:46,20260928-114811-norm-0424,2026-09-28 07:48,approved,
20260928-115258-greg-0268,design/characters/EXERCISE-MACHINE.png,GYM,Sol,1,2026-09-28 07:52,20260928-115351-norm-0425,2026-09-28 07:53,approved,
20260928-123425-greg-0269,design/characters/LOG-TAPE.png,COMMANDERS-QUARTERS,Sol,3,2026-09-28 08:34,20260928-123509-norm-0428,2026-09-28 08:35,approved,
20260928-123425-greg-0269,design/characters/KEY.png,COMMANDERS-QUARTERS,Sol,3,2026-09-28 08:34,20260928-123509-norm-0428,2026-09-28 08:35,approved,
20260928-123425-greg-0269,design/characters/DRILLED-HOLE@SMALL.png,COMMANDERS-QUARTERS,Sol,3,2026-09-28 08:34,20260928-123509-norm-0428,2026-09-28 08:35,approved,
20260928-123425-greg-0269,design/characters/DRILLED-HOLE@MEDIUM.png,COMMANDERS-QUARTERS,Sol,3,2026-09-28 08:34,20260928-123509-norm-0428,2026-09-28 08:35,approved,
20260928-123425-greg-0269,design/characters/DRILLED-HOLE@LARGE.png,COMMANDERS-QUARTERS,Sol,3,2026-09-28 08:34,20260928-123509-norm-0428,2026-09-28 08:35,approved,
20260928-205039-greg-0270,design/packages/STORAGE-5/reference/DR-012_STORAGE-5-099_SEED.png,STORAGE-5,Sol,,2026-09-28 16:50,20260928-205232-norm-0433,2026-09-28 16:52,approved,
20260928-210357-greg-0271,design/packages/GYM/reference/DR-029_GYM-184_SEED_R1.png,GYM,Sol,,2026-09-28 17:03,20260928-210531-norm-0437,2026-09-28 17:05,approved,
20260928-210357-greg-0272,design/packages/GYM/reference/DR-029_GYM-004_GREG_R1.png,GYM,Sol,,2026-09-28 17:03,20260928-210531-norm-0438,2026-09-28 17:05,approved,
20260928-214629-greg-0273,design/packages/STORAGE-5/reference/DR-012_STORAGE-5-009_GREG.png,STORAGE-5,Sol,,2026-09-28 17:46,20260928-214736-norm-0441,2026-09-28 17:47,approved,
20260928-225311-greg-0274,design/packages/LEVEL-SIX/reference/DR-036_LEVEL-SIX-183_SEED.png,LEVEL-SIX,Sol,,2026-09-28 18:53,20260928-225446-norm-0444,2026-09-28 18:54,approved,
20260928-232246-greg-0275,design/packages/CHAPEL/reference/DR-028_CHAPEL-263_SEED_R1.png,CHAPEL,Sol,,2026-09-28 19:22,20260928-232743-norm-0446,2026-09-28 19:27,approved,
20260928-234114-greg-0276,design/packages/LEVEL-SIX/reference/DR-036_LEVEL-SIX-273_GREG.png,LEVEL-SIX,Sol,,2026-09-28 19:41,20260928-234209-norm-0449,2026-09-28 19:42,approved,
20260928-234755-greg-0277,design/packages/END-OF-CORRIDOR/reference/DR-037_END-OF-CORRIDOR-090_SEED.png,END-OF-CORRIDOR,Sol,,2026-09-28 19:47,20260928-234857-norm-0450,2026-09-28 19:48,approved,
20260929-005555-greg-0278,design/packages/LEVEL-SIX/reference/DR-036_LEVEL-SIX-003_GREG.png,LEVEL-SIX,Sol,,2026-09-28 20:55,20260929-005658-norm-0453,2026-09-28 20:56,approved,
20260929-014449-greg-0279,design/packages/END-OF-CORRIDOR/reference/DR-037_END-OF-CORRIDOR-270_GREG.png,END-OF-CORRIDOR,Sol,,2026-09-28 21:44,20260929-014543-norm-0455,2026-09-28 21:45,approved,
20260929-021240-greg-0280,design/characters/JAMMER.png,STORAGE-5,Sol,,2026-09-28 22:12,20260929-021358-norm-0457,2026-09-28 22:13,approved,
20260929-021240-greg-0280,design/characters/JAMMER@BOARD.png,STORAGE-5,Sol,,2026-09-28 22:12,20260929-021358-norm-0457,2026-09-28 22:13,approved,
20260929-032732-greg-0281,design/packages/SHIPPING-ROOM/reference/DR-039_SHIPPING-ROOM-000_SEED.png,SHIPPING-ROOM,Sol,,2026-09-28 23:27,20260929-032904-norm-0461,2026-09-28 23:29,approved,
20260929-033544-greg-0282,design/packages/ARMORY/reference/DR-038_ARMORY-335_SEED.png,ARMORY,Sol,,2026-09-28 23:35,20260929-033822-norm-0462,2026-09-28 23:38,approved,
20260929-044700-greg-0283,design/characters/DRYER.png,LAUNDRY,Sol,,2026-09-29 00:47,20260929-045028-norm-0467,2026-09-29 00:50,approved,
20260929-044700-greg-0283,design/characters/DRYER@OPEN.png,LAUNDRY,Sol,,2026-09-29 00:47,20260929-045028-norm-0467,2026-09-29 00:50,approved,
20260929-051526-greg-0284,design/characters/PRESSER.png,LAUNDRY,Sol,,2026-09-29 01:15,20260929-052000-norm-0473,2026-09-29 01:20,approved,
20260929-051526-greg-0284,design/characters/PRESSER@OPEN.png,LAUNDRY,Sol,,2026-09-29 01:15,20260929-052000-norm-0473,2026-09-29 01:20,approved,
20260929-051526-greg-0284,design/characters/PRESSER@TRICKLE.png,LAUNDRY,Sol,,2026-09-29 01:15,20260929-052000-norm-0473,2026-09-29 01:20,approved,
20260929-051526-greg-0284,design/characters/PRESSER@OPEN-TRICKLE.png,LAUNDRY,Sol,,2026-09-29 01:15,20260929-052000-norm-0473,2026-09-29 01:20,approved,
20260929-051526-greg-0284,design/characters/PRESSER@CLOUDS.png,LAUNDRY,Sol,,2026-09-29 01:15,20260929-052000-norm-0473,2026-09-29 01:20,approved,
20260929-051526-greg-0284,design/characters/PRESSER@OPEN-CLOUDS.png,LAUNDRY,Sol,,2026-09-29 01:15,20260929-052000-norm-0473,2026-09-29 01:20,approved,
20260929-052503-greg-0285,design/characters/ZAPGUN.png,ARMORY,Sol,,2026-09-29 01:25,20260929-052623-norm-0477,2026-09-29 01:26,approved,
20260929-052837-greg-0286,design/packages/ARMORY/reference/DR-038_ARMORY-155_GREG.png,ARMORY,Sol,,2026-09-29 01:28,20260929-053023-norm-0480,2026-09-29 01:30,approved,
20260929-053747-greg-0287,design/packages/THEATRE/reference/DR-031_THEATRE-343_SEED_R1.png,THEATRE,Sol,,2026-09-29 01:37,20260929-054032-norm-0481,2026-09-29 01:40,approved,
20260929-054425-greg-0288,design/packages/THEATRE/reference/DR-031_THEATRE-163_GREG_R1.png,THEATRE,Sol,,2026-09-29 01:44,20260929-054854-norm-0482,2026-09-29 01:48,approved,
20260929-055057-greg-0289,design/packages/AUXILIARY-BARRACKS/reference/DR-040_AUXILIARY-BARRACKS-060_SEED.png,AUXILIARY-BARRACKS,Sol,,2026-09-29 01:50,20260929-055217-norm-0483,2026-09-29 01:52,approved,
20260929-055319-greg-0290,design/packages/SHIPPING-ROOM/reference/DR-039_SHIPPING-ROOM-270_GREG.png,SHIPPING-ROOM,Sol,,2026-09-29 01:53,20260929-055438-norm-0484,2026-09-29 01:54,approved,
20260929-063024-greg-0291,design/characters/BEDISTOR.png,WORKSHOP,Sol,,2026-09-29 02:30,20260929-063243-norm-0488,2026-09-29 02:32,approved,
20260929-063641-greg-0292,design/packages/BRIG/reference/DR-025_BRIG-324@SECURITY-DOOR-OPEN_GREG.png,BRIG,Sol,,2026-09-29 02:36,20260929-064012-norm-0492,2026-09-29 02:40,approved,
20260929-064143-greg-0293,design/packages/DOCKING-BAY-4/reference/DR-042_DOCKING-BAY-4-090_SEED.png,DOCKING-BAY-4,Sol,,2026-09-29 02:41,20260929-064345-norm-0493,2026-09-29 02:43,approved,
20260929-064815-greg-0294,design/packages/ARMORY/reference/DR-038_ARMORY-245_GREG.png,ARMORY,Sol,,2026-09-29 02:48,20260929-065154-norm-0494,2026-09-29 02:51,approved,
20260929-085651-greg-0295,design/packages/OFFICERS-QUARTERS-B/reference/DR-044_OFFICERS-QUARTERS-B-320_SEED.png,OFFICERS-QUARTERS-B,Sol,,2026-09-29 04:56,20260929-112024-norm-0501,2026-09-29 07:20,changes-withdrawn,light
20260929-122749-greg-0297,design/packages/DOCKING-BAY-1/reference/DR-041_DOCKING-BAY-1-244_SEED.png,DOCKING-BAY-1,Sol,,2026-09-29 08:27,20260929-124451-norm-0508,2026-09-29 08:44,changes-paint,material
20260929-134200-greg-0300,design/packages/AUXILIARY-BARRACKS/reference/DR-040_AUXILIARY-BARRACKS-330.png,AUXILIARY-BARRACKS,Sol,2,2026-09-29 09:42,20260929-134917-norm-0512,2026-09-29 09:49,approved,
20260929-141505-greg-0302,design/packages/AUXILIARY-BARRACKS/reference/DR-040_AUXILIARY-BARRACKS-150.png,AUXILIARY-BARRACKS,Sol,,2026-09-29 10:15,20260929-143356-norm-0516,2026-09-29 10:33,approved,
20260929-141505-greg-0302,scripts/out/joins/AUXILIARY-BARRACKS-150-RESTORED_JOINS.png,AUXILIARY-BARRACKS,Sol,,2026-09-29 10:15,20260929-143356-norm-0516,2026-09-29 10:33,unjudged,
20260929-145512-greg-0304,design/packages/AUXILIARY-BARRACKS/reference/DR-040_AUXILIARY-BARRACKS-240.png,AUXILIARY-BARRACKS,Sol,,2026-09-29 10:55,20260929-150818-norm-0524,2026-09-29 11:08,approved,
20260929-145512-greg-0304,scripts/out/joins/AUXILIARY-BARRACKS-240-RESTORED_JOINS.png,AUXILIARY-BARRACKS,Sol,,2026-09-29 10:55,20260929-150818-norm-0524,2026-09-29 11:08,unjudged,
20260929-184835-greg-0308,design/packages/SPACETRUCK/reference/DR-005_SPACETRUCK-090_SEAM_GREG.png,SPACETRUCK,Sol,,2026-09-29 14:48,20260929-190752-norm-0553,2026-09-29 15:07,approved,
20260929-185246-greg-0309,design/packages/FEMALE-BARRACKS/reference/DR-032_FEMALE-BARRACKS-029_SEAM_GREG.png,FEMALE-BARRACKS,Sol,,2026-09-29 14:52,20260929-190759-norm-0554,2026-09-29 15:07,approved,
20260929-190120-greg-0310,design/packages/OFFICERS-QUARTERS-B/reference/DR-044_OFFICERS-QUARTERS-B-320_SEED.png,OFFICERS-QUARTERS-B,Sol,,2026-09-29 15:01,20260929-191151-norm-0555,2026-09-29 15:11,approved,
20260929-200731-greg-0313,design/packages/OFFICERS-QUARTERS-B/reference/DR-044_OFFICERS-QUARTERS-B-220_RING.png,OFFICERS-QUARTERS-B,Sol,,2026-09-29 16:07,,,withdrawn,
20260929-202256-greg-0317,design/packages/OFFICERS-QUARTERS-B/reference/DR-044_OFFICERS-QUARTERS-B-220.png,OFFICERS-QUARTERS-B,Sol,,2026-09-29 16:22,20260929-204827-norm-0571,2026-09-29 16:48,approved,
20260930-111709-greg-0321,design/packages/ARMORY/reference/DR-038_ARMORY-065_GREG.png,ARMORY,Sol,,2026-09-30 07:17,20260930-121404-norm-0583,2026-09-30 08:14,approved,
20260930-111710-greg-0322,design/packages/ARMORY/reference/DR-038_ARMORY-CAP-UP_GREG.png,ARMORY,Sol,,2026-09-30 07:17,20260930-121408-norm-0584,2026-09-30 08:14,approved,
20260930-111711-greg-0323,design/packages/ARMORY/reference/DR-038_ARMORY-CAP-DOWN_GREG.png,ARMORY,Sol,,2026-09-30 07:17,20260930-121412-norm-0585,2026-09-30 08:14,approved,
20260930-140042-greg-0328,design/characters/FOOD-KIT.png,SPACETRUCK,Sol,,2026-09-30 10:00,20260930-141410-norm-0596,2026-09-30 10:14,approved,
20260930-211503-greg-0329,design/packages/OFFICERS-QUARTERS-C/reference/DR-045_OFFICERS-QUARTERS-C-160.png,OFFICERS-QUARTERS-C,Sol,,2026-09-30 17:15,20260930-214012-norm-0602,2026-09-30 17:40,approved,
20260930-224116-greg-0330,design/packages/OFFICERS-QUARTERS-C/reference/DR-045_OFFICERS-QUARTERS-C-250.png,OFFICERS-QUARTERS-C,Sol,,2026-09-30 18:41,20261001-002550-norm-0606,2026-09-30 20:25,approved,
20260930-224232-greg-0331,design/packages/OFFICERS-QUARTERS-C/reference/DR-045_OFFICERS-QUARTERS-C-070.png,OFFICERS-QUARTERS-C,Sol,,2026-09-30 18:42,20261001-010811-norm-0607,2026-09-30 21:08,changes-withdrawn,geometry
20261001-162957-greg-0333,design/packages/OFFICERS-SANFAC/reference/DR-046_OFFICERS-SANFAC-215.png,OFFICERS-SANFAC,Sol,,2026-10-01 12:29,20261001-164427-norm-0618,2026-10-01 12:44,changes-paint,material
20261001-165123-greg-0334,design/packages/OFFICERS-SANFAC/reference/DR-046_OFFICERS-SANFAC-215.png,OFFICERS-SANFAC,Sol,,2026-10-01 12:51,20261001-170458-norm-0620,2026-10-01 13:04,approved,
20261001-171337-greg-0336,design/packages/OFFICERS-SANFAC/reference/DR-046_OFFICERS-SANFAC-125.png,OFFICERS-SANFAC,Sol,,2026-10-01 13:13,20261001-171940-norm-0622,2026-10-01 13:19,approved,
20261001-171337-greg-0336,scripts/out/joins/DR-046_OFFICERS-SANFAC-125_RESTORED_JOINS.png,OFFICERS-SANFAC,Sol,,2026-10-01 13:13,20261001-171940-norm-0622,2026-10-01 13:19,unjudged,
20261001-173939-greg-0337,design/packages/OFFICERS-SANFAC/reference/DR-046_OFFICERS-SANFAC-035.png,OFFICERS-SANFAC,Sol,,2026-10-01 13:39,20261001-174451-norm-0625,2026-10-01 13:44,approved,
20261001-180754-greg-0338,design/packages/OFFICERS-SANFAC/reference/DR-046_OFFICERS-SANFAC-305.png,OFFICERS-SANFAC,Sol,,2026-10-01 14:07,20261001-181532-norm-0627,2026-10-01 14:15,approved,
20261001-190111-greg-0339,design/packages/DOCKING-BAY-1/reference/DR-041_DOCKING-BAY-1-244_SEED.png,DOCKING-BAY-1,Sol,,2026-10-01 15:01,20261001-191205-norm-0631,2026-10-01 15:12,approved,
20261001-194634-greg-0340,design/packages/DOCKING-BAY-1/reference/DR-041_DOCKING-BAY-1-154_GREG.png,DOCKING-BAY-1,Sol,,2026-10-01 15:46,20261001-195757-norm-0635,2026-10-01 15:57,approved,
20261001-202248-greg-0341,design/packages/DOCKING-BAY-1/reference/DR-041_DOCKING-BAY-1-154.png,DOCKING-BAY-1,Sol,,2026-10-01 16:22,20261001-203343-norm-0637,2026-10-01 16:33,approved,
20261001-205431-greg-0342,design/packages/DOCKING-BAY-1/reference/DR-041_DOCKING-BAY-1-334_GREG.png,DOCKING-BAY-1,Sol,,2026-10-01 16:54,20261001-210203-norm-0640,2026-10-01 17:02,unjudged,
20261001-215314-greg-0343,design/packages/DOCKING-BAY-1/reference/DR-041_DOCKING-BAY-1-064_GREG.png,DOCKING-BAY-1,Sol,,2026-10-01 17:53,20261001-220047-norm-0644,2026-10-01 18:00,unjudged,
20261001-224952-greg-0346,design/packages/MESS-HALL/reference/DR-047_MESS-HALL-311.png,MESS-HALL,Sol,,2026-10-01 18:49,20261001-225125-norm-0651,2026-10-01 18:51,approved,
20261001-225007-greg-0347,design/packages/MAIN-STORAGE/reference/DR-048_MAIN-STORAGE-131.png,MAIN-STORAGE,Sol,,2026-10-01 18:50,20261001-225208-norm-0652,2026-10-01 18:52,approved,
20261001-231329-greg-0348,design/packages/MESS-HALL/reference/DR-047_MESS-HALL-041.png,MESS-HALL,Sol,,2026-10-01 19:13,20261001-232045-norm-0655,2026-10-01 19:20,approved,
20261001-231356-greg-0349,design/packages/MAIN-STORAGE/reference/DR-048_MAIN-STORAGE-221.png,MAIN-STORAGE,Sol,,2026-10-01 19:13,20261001-232045-norm-0656,2026-10-01 19:20,approved,
20261001-234051-greg-0351,design/packages/MESS-HALL/reference/DR-047_MESS-HALL-131.png,MESS-HALL,Sol,,2026-10-01 19:40,20261001-235055-norm-0661,2026-10-01 19:50,approved,
20261001-234052-greg-0352,design/packages/MAIN-STORAGE/reference/DR-048_MAIN-STORAGE-311.png,MAIN-STORAGE,Sol,,2026-10-01 19:40,20261001-235055-norm-0662,2026-10-01 19:50,approved,
20261002-000239-greg-0353,design/packages/MESS-HALL/reference/DR-047_MESS-HALL-221.png,MESS-HALL,Sol,,2026-10-01 20:02,20261002-001118-norm-0665,2026-10-01 20:11,approved,
20261002-000239-greg-0354,design/packages/MAIN-STORAGE/reference/DR-048_MAIN-STORAGE-041.png,MAIN-STORAGE,Sol,,2026-10-01 20:02,20261002-001132-norm-0666,2026-10-01 20:11,approved,
20261002-111237-greg-0356,design/packages/MESS-HALL/reference/DR-047_MESS-HALL-041.png,MESS-HALL,Sol,,2026-10-02 07:12,20261002-112456-norm-0674,2026-10-02 07:24,approved,
20261002-111237-greg-0356,scratch/mess-hall-041-mouth-restored.png,MESS-HALL,Sol,,2026-10-02 07:12,20261002-112456-norm-0674,2026-10-02 07:24,unjudged,
20261002-111237-greg-0356,scripts/out/joins/mess-hall-041-mouth-restored_JOINS.png,MESS-HALL,Sol,,2026-10-02 07:12,20261002-112456-norm-0674,2026-10-02 07:24,unjudged,
20261002-121300-greg-0360,design/packages/MESS-HALL/reference/DR-047_MESS-HALL-311.png,MESS-HALL,Sol,,2026-10-02 08:13,20261002-122534-norm-0683,2026-10-02 08:25,approved,
20261002-123921-greg-0361,design/packages/MESS-HALL/reference/DR-047_MESS-HALL-041.png,MESS-HALL,Sol,,2026-10-02 08:39,20261002-124803-norm-0686,2026-10-02 08:48,approved,
20261002-123921-greg-0361,scratch/mess-hall-041-lamp-restored.png,MESS-HALL,Sol,,2026-10-02 08:39,20261002-124803-norm-0686,2026-10-02 08:48,unjudged,
20261002-130415-greg-0362,design/packages/LIBRARY/reference/DR-049_LIBRARY-098.png,LIBRARY,Sol,,2026-10-02 09:04,20261002-131251-norm-0688,2026-10-02 09:12,approved,
20261002-133233-greg-0364,design/packages/MEETING-ROOM-1/reference/DR-050_MEETING-ROOM-1-287.png,MEETING-ROOM-1,Sol,,2026-10-02 09:32,20261002-134401-norm-0695,2026-10-02 09:44,approved,
20261002-141613-greg-0365,design/packages/LIBRARY/reference/DR-049_LIBRARY-008.png,LIBRARY,Sol,,2026-10-02 10:16,20261002-142247-norm-0702,2026-10-02 10:22,approved,
20261002-141613-greg-0365,scratch/library-008-restored-final3.png,LIBRARY,Sol,,2026-10-02 10:16,20261002-142247-norm-0702,2026-10-02 10:22,unjudged,
20261002-145218-greg-0367,design/packages/LIBRARY/reference/DR-049_LIBRARY-188.png,LIBRARY,Sol,,2026-10-02 10:52,20261002-150151-norm-0710,2026-10-02 11:01,approved,
20261002-145218-greg-0367,scratch/library-188-restored-r2.png,LIBRARY,Sol,,2026-10-02 10:52,20261002-150151-norm-0710,2026-10-02 11:01,unjudged,
20261002-150717-greg-0368,design/packages/LIBRARY/reference/DR-049_LIBRARY-278.png,LIBRARY,Sol,,2026-10-02 11:07,20261002-151223-norm-0712,2026-10-02 11:12,approved,
20261002-150717-greg-0368,scratch/library-278-restored-r2.png,LIBRARY,Sol,,2026-10-02 11:07,20261002-151223-norm-0712,2026-10-02 11:12,unjudged,
20261002-153403-greg-0370,design/packages/MESS-HALL/reference/DR-047_MESS-HALL-041@CAR-HERE.png,MESS-HALL,Sol,,2026-10-02 11:34,20261002-154221-norm-0717,2026-10-02 11:42,changes-paint,content
20261002-160444-greg-0372,design/packages/MESS-HALL/reference/DR-047_MESS-HALL-041@CAR-HERE.png,MESS-HALL,Sol,,2026-10-02 12:04,20261002-161239-norm-0718,2026-10-02 12:12,approved,
20261002-173217-greg-0374,design/packages/MEETING-ROOM-1/reference/DR-050_MEETING-ROOM-1-017.png,MEETING-ROOM-1,Sol,,2026-10-02 13:32,20261002-174348-norm-0725,2026-10-02 13:43,approved,
20261002-173217-greg-0374,scripts/out/joins/DR-050_MEETING-ROOM-1-017_RESTORED_JOINS.png,MEETING-ROOM-1,Sol,,2026-10-02 13:32,20261002-174348-norm-0725,2026-10-02 13:43,unjudged,
20261002-175211-greg-0376,design/packages/MEETING-ROOM-1/reference/DR-050_MEETING-ROOM-1-107.png,MEETING-ROOM-1,Sol,,2026-10-02 13:52,20261002-180230-norm-0729,2026-10-02 14:02,approved,
20261002-181438-greg-0379,design/packages/MEETING-ROOM-1/reference/DR-050_MEETING-ROOM-1-197.png,MEETING-ROOM-1,Sol,,2026-10-02 14:14,20261002-182334-norm-0735,2026-10-02 14:23,approved,
20261002-181438-greg-0379,scripts/out/joins/DR-050_MEETING-ROOM-1-197_RESTORED_JOINS.png,MEETING-ROOM-1,Sol,,2026-10-02 14:14,20261002-182334-norm-0735,2026-10-02 14:23,unjudged,
20261002-181438-greg-0380,design/packages/LIBRARY/reference/DR-049_LIBRARY-CAP-UP.png,LIBRARY,Sol,,2026-10-02 14:14,20261002-182336-norm-0736,2026-10-02 14:23,approved,
20261002-181438-greg-0380,scripts/out/joins/DR-049_LIBRARY-CAP-UP_RESTORED_JOINS.png,LIBRARY,Sol,,2026-10-02 14:14,20261002-182336-norm-0736,2026-10-02 14:23,unjudged,
20261002-191310-greg-0384,design/packages/MESS-HALL/reference/DR-047_MESS-HALL-311.png,MESS-HALL,Sol,,2026-10-02 15:13,20261002-192250-norm-0750,2026-10-02 15:22,approved,
20261002-195316-greg-0387,design/packages/MEETING-ROOM-1/reference/DR-050_MEETING-ROOM-1-CAP-UP.png,MEETING-ROOM-1,Sol,,2026-10-02 15:53,20261002-200326-norm-0754,2026-10-02 16:03,approved,
20261002-200709-greg-0388,design/packages/MEETING-ROOM-1/reference/DR-050_MEETING-ROOM-1-CAP-DOWN.png,MEETING-ROOM-1,Sol,,2026-10-02 16:07,20261002-201229-norm-0755,2026-10-02 16:12,unjudged,
20261002-215012-greg-0389,design/packages/LIBRARY/reference/DR-049_LIBRARY-CAP-DOWN.png,LIBRARY,Sol,,2026-10-02 17:50,20261002-220354-norm-0758,2026-10-02 18:03,approved,
20261002-215510-greg-0390,design/packages/MAIN-STORAGE/reference/DR-048_MAIN-STORAGE-CAP-UP.png,MAIN-STORAGE,Sol,,2026-10-02 17:55,20261002-220355-norm-0759,2026-10-02 18:03,approved,
20261002-231602-greg-0391,design/packages/LIBRARY/reference/DR-049_LIBRARY-098.png,LIBRARY,Sol,,2026-10-02 19:16,20261002-232427-norm-0768,2026-10-02 19:24,approved,
20261002-231602-greg-0392,design/packages/LIBRARY/reference/DR-049_LIBRARY-188.png,LIBRARY,Sol,,2026-10-02 19:16,20261002-232427-norm-0769,2026-10-02 19:24,approved,
20261002-231942-greg-0393,design/characters/DETONATOR.png,MAIN-STORAGE,Sol,,2026-10-02 19:19,20261002-232427-norm-0770,2026-10-02 19:24,approved,
20261002-234343-greg-0394,design/packages/MEETING-ROOM-2/reference/DR-051_MEETING-ROOM-2-331.png,MEETING-ROOM-2,Sol,,2026-10-02 19:43,20261002-234959-norm-0784,2026-10-02 19:49,approved,
20261002-234959-greg-0395,design/packages/MAIN-STORAGE/reference/DR-048_MAIN-STORAGE-311.png,MAIN-STORAGE,Sol,,2026-10-02 19:49,20261002-235230-norm-0785,2026-10-02 19:52,approved,
20261002-235505-greg-0396,design/packages/MAIN-STORAGE/reference/DR-048_MAIN-STORAGE-221.png,MAIN-STORAGE,Sol,,2026-10-02 19:55,20261003-000041-norm-0791,2026-10-02 20:00,approved,
20261003-000837-greg-0397,design/characters/DETONATOR.png,MAIN-STORAGE,Sol,,2026-10-02 20:08,20261003-001552-norm-0795,2026-10-02 20:15,approved,
20261003-003048-greg-0399,design/packages/MEETING-ROOM-2/reference/DR-051_MEETING-ROOM-2-149.png,MEETING-ROOM-2,Sol,,2026-10-02 20:30,20261003-004239-norm-0800,2026-10-02 20:42,approved,
20261003-010623-greg-0402,design/packages/MEETING-ROOM-2/reference/DR-051_MEETING-ROOM-2-060.png,MEETING-ROOM-2,Sol,,2026-10-02 21:06,20261003-011211-norm-0814,2026-10-02 21:12,approved,
20261003-103325-greg-0406,design/packages/MEETING-ROOM-2/reference/DR-051_MEETING-ROOM-2-238.png,MEETING-ROOM-2,Sol,,2026-10-03 06:33,20261003-103448-norm-0831,2026-10-03 06:34,approved,
20261003-103516-greg-0407,design/characters/OSTRICH@INTOXICATED.png,,Sol,,2026-10-03 06:35,20261003-104412-norm-0835,2026-10-03 06:44,approved,
20261003-104629-greg-0408,design/packages/ELEVATOR/reference/DR-052_ELEVATOR-270_SEED.png,ELEVATOR,Sol,2,2026-10-03 06:46,20261003-104739-norm-0839,2026-10-03 06:47,approved,
20261003-105533-greg-0409,design/packages/AIR-SHAFT/reference/DR-053_AIR-SHAFT-270_SEED.png,AIR-SHAFT,Sol,2,2026-10-03 06:55,20261003-105606-norm-0841,2026-10-03 06:56,approved,
20261003-111755-greg-0410,design/packages/ELEVATOR/reference/DR-052_ELEVATOR-090.png,ELEVATOR,Sol,4,2026-10-03 07:17,20261003-112118-norm-0850,2026-10-03 07:21,approved,
