time_eastern,room,change,total,verdict_date,recorded_by
2026-09-24 23:41,DECK-TWELVE,1,1,2026-09-24,1bcdc5e
2026-09-26 15:30,FORM-STORAGE-ROOM,1,2,2026-09-26,431a2fa
2026-09-27 06:34,COMM-CENTER,1,3,2026-09-27,cf98bd1
2026-09-27 06:34,PX,1,4,2026-09-27,cf98bd1
2026-09-27 06:34,SICK-BAY,1,5,2026-09-27,cf98bd1
2026-09-27 09:49,COMMANDERS-OFFICE,1,6,2026-09-27,efb3db1
2026-09-27 12:13,SOUTH-JUNCTION,1,7,2026-09-27,3d88a7d
2026-09-27 13:17,LEVEL-FIVE,1,8,2026-09-27,050a012
2026-09-27 17:52,STATION-CONTROL,1,9,2026-09-27,5af8956
2026-09-28 07:10,BRIEFING-ROOM,1,10,2026-09-28,bf23f4c
2026-09-28 07:10,CARGO-BAY,1,11,2026-09-28,bf23f4c
2026-09-28 07:10,CARGO-BAY-ENTRANCE,1,12,2026-09-28,bf23f4c
2026-09-28 07:10,EAST-CONNECTION,1,13,2026-09-28,bf23f4c
2026-09-28 07:10,EAST-JUNCTION,1,14,2026-09-28,bf23f4c
2026-09-28 07:10,LEVEL-THREE,1,15,2026-09-28,bf23f4c
2026-09-28 07:10,NORTH-JUNCTION,1,16,2026-09-28,bf23f4c
2026-09-28 07:10,SOUTH-CONNECTION,1,17,2026-09-28,bf23f4c
2026-09-28 08:27,LEVEL-FOUR,1,18,2026-09-28,202064c
2026-09-28 16:45,COMMANDERS-QUARTERS,1,19,2026-09-28,f34579a
2026-09-28 17:47,ROBOT-POOL,1,20,2026-09-28,ea07111
2026-09-28 18:41,ROBOT-POOL,-1,19,,ab670e6
2026-09-28 18:42,ROBOT-POOL,1,20,2026-09-28,07440b7
2026-09-28 19:14,GYM,1,21,2026-09-28,f55949f
2026-09-28 21:51,CHAPEL,1,22,2026-09-28,7192844
2026-09-29 06:51,BRIG,1,23,2026-09-29,c0e2366
2026-09-29 06:51,DOCKING-BAY-3,1,24,2026-09-29,c0e2366
2026-09-29 06:51,DOCKING-BAY-4,1,25,2026-09-29,c0e2366
2026-09-29 06:51,END-OF-CORRIDOR,1,26,2026-09-29,c0e2366
2026-09-29 06:51,FILE-ROOM,1,27,2026-09-29,c0e2366
2026-09-29 06:51,LAUNDRY,1,28,2026-09-29,c0e2366
2026-09-29 06:51,LEVEL-SIX,1,29,2026-09-29,c0e2366
2026-09-29 06:51,NORTH-CONNECTION,1,30,2026-09-29,c0e2366
2026-09-29 06:51,ROBOT-SHOP,1,31,2026-09-29,c0e2366
2026-09-29 06:51,SHIPPING-ROOM,1,32,2026-09-29,c0e2366
2026-09-29 06:51,WORKSHOP,1,33,2026-09-29,c0e2366
2026-09-29 23:59,BARRACKS-SANFAC,1,34,2026-09-29,151b44a
2026-09-29 23:59,FEMALE-BARRACKS,1,35,2026-09-29,151b44a
2026-09-29 23:59,STORAGE-5,1,36,2026-09-29,151b44a
2026-09-29 23:59,THEATRE,1,37,2026-09-29,151b44a
2026-09-30 08:34,ARMORY,1,38,2026-09-30,96a9f9f
2026-09-30 14:04,SPACETRUCK,1,39,2026-09-30,151b44a
2026-09-30 14:54,AUXILIARY-BARRACKS,1,40,2026-09-30,9cd9d85
2026-09-30 14:54,MALE-BARRACKS,1,41,2026-09-30,9cd9d85
2026-09-30 16:49,OFFICERS-QUARTERS-B,1,42,2026-09-30,ac10989
2026-10-01 12:57,OFFICERS-QUARTERS-C,1,43,2026-10-01,3860220
2026-10-01 13:24,OFFICERS-QUARTERS-A,1,44,2026-10-01,e0ab469
2026-10-01 14:51,OFFICERS-SANFAC,1,45,2026-10-01,751fd1a
2026-10-01 18:56,DOCKING-BAY-1,1,46,2026-10-01,33fe553
2026-10-02 23:59,LIBRARY,1,47,2026-10-02,0c41a8f
2026-10-02 23:59,MAIN-STORAGE,1,48,2026-10-02,0c41a8f
2026-10-02 23:59,MEETING-ROOM-1,1,49,2026-10-02,0c41a8f
2026-10-02 23:59,MESS-HALL,1,50,2026-10-02,0c41a8f
2026-10-03 23:59,AIR-SHAFT,1,51,2026-10-03,0c41a8f
2026-10-03 23:59,BOTTOM-OF-AIR-SHAFT,1,52,2026-10-03,0c41a8f
2026-10-03 23:59,ELEVATOR,1,53,2026-10-03,0c41a8f
2026-10-03 23:59,MEETING-ROOM-2,1,54,2026-10-03,0c41a8f
2026-10-03 23:59,TOP-OF-AIR-SHAFT,1,55,2026-10-03,0c41a8f
2026-10-04 10:30,DOCKING-BAY-2,1,56,2026-10-04,0c41a8f
2026-10-04 23:59,GREASY-STRAW,1,57,2026-10-04,7a2c0a0
2026-10-04 23:59,GRIMY-PASSAGE,1,58,2026-10-04,7a2c0a0
2026-10-04 23:59,MAIN-STREET,1,59,2026-10-04,7a2c0a0
2026-10-04 23:59,SPACETRUCK-COPILOT,1,60,2026-10-04,7a2c0a0
2026-10-04 23:59,SPACETRUCK-PILOT,1,61,2026-10-04,7a2c0a0
2026-10-05 23:59,BROADWAY,1,62,2026-10-05,7a2c0a0
2026-10-05 23:59,CASINO,1,63,2026-10-05,7a2c0a0
2026-10-05 23:59,FIELD-OFFICE,1,64,2026-10-05,7a2c0a0
2026-10-05 23:59,FLOPHOUSE,1,65,2026-10-05,7a2c0a0
2026-10-05 23:59,GROCERY,1,66,2026-10-05,7a2c0a0
2026-10-05 23:59,PAPER-RECYCLING-PLANT,1,67,2026-10-05,7a2c0a0
2026-10-05 23:59,PRINTING-PLANT,1,68,2026-10-05,7a2c0a0
2026-10-05 23:59,SALOON,1,69,2026-10-05,7a2c0a0
2026-10-05 23:59,TRADING-POST,1,70,2026-10-05,7a2c0a0
2026-10-06 11:43,TUBE,1,71,2026-10-06,17c8a9f
2026-10-06 11:48,DOME,1,72,2026-10-06,423341a
2026-10-06 13:03,ASTRO-LAB,1,73,2026-10-06,8df4de5
2026-10-06 13:03,ENGINEERING-LAB,1,74,2026-10-06,8df4de5
2026-10-06 23:59,ASTRO-OFFICE,1,75,2026-10-06,364af38
2026-10-06 23:59,ENGINEERING-OFFICE,1,76,2026-10-06,364af38
2026-10-07 08:10,FACTORY,1,77,2026-10-07,33d2426
2026-10-07 08:29,BIO-LAB,1,78,2026-10-07,eb9af6e
2026-10-07 08:29,BIO-OFFICE,1,79,2026-10-07,eb9af6e
2026-10-07 08:29,COMPUTER-CONTROL,1,80,2026-10-07,eb9af6e
2026-10-08 12:25,BOTTOM-OF-ELEVATOR-SHAFT,1,81,2026-10-08,6559154
2026-10-08 12:25,HOLDING-TANK-LEVEL,1,82,2026-10-08,6559154
2026-10-08 12:25,SCIENTISTS-QUARTERS,1,83,2026-10-08,6559154
2026-10-08 13:08,AUXILIARY-SANFAC,1,84,2026-10-08,cc709ce
2026-10-08 23:59,SHADY-DANS,1,85,2026-10-08,81f6e57
2026-10-09 12:06,DOC-SCHUSTER,1,86,2026-10-09,a185648
2026-10-09 12:07,JUNK-YARD,1,87,2026-10-09,5ff087b
2026-10-09 12:08,PET-STORE,1,88,2026-10-09,c514b79
