side,item,hours,at_eastern
norm: delivery to verdict,20260925-004039-greg-0002,0.048,2026-09-24 20:43
norm: delivery to verdict,20260925-005152-greg-0004,0.026,2026-09-24 20:53
norm: delivery to verdict,20260925-010322-greg-0008,0.026,2026-09-24 21:04
norm: delivery to verdict,20260925-010911-greg-0009,0.011,2026-09-24 21:09
norm: delivery to verdict,20260925-012754-greg-0010,0.024,2026-09-24 21:29
norm: delivery to verdict,20260925-014523-greg-0014,0.018,2026-09-24 21:46
norm: delivery to verdict,20260925-015017-greg-0015,0.016,2026-09-24 21:51
norm: delivery to verdict,20260925-015715-greg-0016,0.015,2026-09-24 21:58
norm: delivery to verdict,20260925-020232-greg-0017,0.020,2026-09-24 22:03
norm: delivery to verdict,20260925-020649-greg-0018,0.048,2026-09-24 22:09
norm: delivery to verdict,20260925-025922-greg-0023,0.347,2026-09-24 23:20
norm: delivery to verdict,20260925-030520-greg-0024,0.248,2026-09-24 23:20
norm: delivery to verdict,20260925-032908-greg-0026,129.261,2026-09-30 08:44
norm: delivery to verdict,20260925-044628-greg-0029,0.020,2026-09-25 00:47
norm: delivery to verdict,20260925-044844-greg-0030,0.091,2026-09-25 00:54
norm: delivery to verdict,20260925-045126-greg-0031,0.058,2026-09-25 00:54
norm: delivery to verdict,20260925-050934-greg-0034,0.109,2026-09-25 01:16
norm: delivery to verdict,20260925-051436-greg-0035,0.059,2026-09-25 01:18
norm: delivery to verdict,20260925-051803-greg-0036,0.035,2026-09-25 01:20
norm: delivery to verdict,20260925-052143-greg-0037,0.076,2026-09-25 01:26
norm: delivery to verdict,20260925-052651-greg-0038,0.022,2026-09-25 01:28
norm: delivery to verdict,20260925-053040-greg-0039,0.026,2026-09-25 01:32
norm: delivery to verdict,20260925-054424-greg-0040,0.024,2026-09-25 01:45
norm: delivery to verdict,20260925-094927-greg-0042,0.082,2026-09-25 05:54
norm: delivery to verdict,20260925-095122-greg-0043,0.112,2026-09-25 05:58
norm: delivery to verdict,20260925-100116-greg-0045,0.083,2026-09-25 06:06
norm: delivery to verdict,20260925-100705-greg-0046,0.080,2026-09-25 06:11
norm: delivery to verdict,20260925-101531-greg-0049,0.133,2026-09-25 06:23
norm: delivery to verdict,20260925-102553-greg-0051,0.021,2026-09-25 06:27
norm: delivery to verdict,20260925-103224-greg-0052,0.018,2026-09-25 06:33
norm: delivery to verdict,20260925-103912-greg-0053,0.069,2026-09-25 06:43
norm: delivery to verdict,20260925-104057-greg-0055,0.144,2026-09-25 06:49
norm: delivery to verdict,20260925-104057-greg-0056,0.124,2026-09-25 06:48
norm: delivery to verdict,20260925-105141-greg-0057,0.079,2026-09-25 06:56
norm: delivery to verdict,20260925-110311-greg-0060,0.080,2026-09-25 07:07
norm: delivery to verdict,20260925-110923-greg-0061,0.144,2026-09-25 07:18
norm: delivery to verdict,20260925-111923-greg-0062,0.052,2026-09-25 07:22
norm: delivery to verdict,20260925-113941-greg-0065,0.255,2026-09-25 07:54
norm: delivery to verdict,20260925-114445-greg-0066,0.090,2026-09-25 07:50
norm: delivery to verdict,20260925-115523-greg-0069,0.145,2026-09-25 08:04
norm: delivery to verdict,20260925-120809-greg-0070,0.061,2026-09-25 08:11
norm: delivery to verdict,20260925-121729-greg-0072,0.113,2026-09-25 08:24
norm: delivery to verdict,20260925-122723-greg-0073,0.105,2026-09-25 08:33
norm: delivery to verdict,20260925-123415-greg-0074,0.091,2026-09-25 08:39
norm: delivery to verdict,20260925-125250-greg-0076,0.159,2026-09-25 09:02
norm: delivery to verdict,20260925-130106-greg-0077,0.172,2026-09-25 09:11
norm: delivery to verdict,20260925-131233-greg-0078,0.082,2026-09-25 09:17
norm: delivery to verdict,20260925-133604-greg-0081,0.121,2026-09-25 09:43
norm: delivery to verdict,20260925-134239-greg-0082,0.085,2026-09-25 09:47
norm: delivery to verdict,20260925-135149-greg-0083,0.957,2026-09-25 10:49
norm: delivery to verdict,20260925-135331-greg-0084,0.059,2026-09-25 09:57
norm: delivery to verdict,20260925-140426-greg-0085,0.125,2026-09-25 10:11
norm: delivery to verdict,20260925-141506-greg-0086,0.144,2026-09-25 10:23
norm: delivery to verdict,20260925-142301-greg-0087,0.043,2026-09-25 10:25
norm: delivery to verdict,20260925-143434-greg-0089,0.120,2026-09-25 10:41
norm: delivery to verdict,20260925-144300-greg-0090,0.071,2026-09-25 10:47
norm: delivery to verdict,20260925-150925-greg-0091,0.059,2026-09-25 11:12
norm: delivery to verdict,20260925-164343-greg-0092,0.202,2026-09-25 12:55
norm: delivery to verdict,20260925-171133-greg-0094,0.108,2026-09-25 13:18
norm: delivery to verdict,20260925-172841-greg-0096,0.044,2026-09-25 13:31
norm: delivery to verdict,20260925-175336-greg-0097,0.097,2026-09-25 13:59
norm: delivery to verdict,20260925-185744-greg-0098,0.131,2026-09-25 15:05
norm: delivery to verdict,20260925-194444-greg-0101,0.069,2026-09-25 15:48
norm: delivery to verdict,20260925-195248-greg-0102,0.101,2026-09-25 15:58
norm: delivery to verdict,20260925-200736-greg-0103,0.062,2026-09-25 16:11
norm: delivery to verdict,20260925-212208-greg-0108,0.092,2026-09-25 17:27
norm: delivery to verdict,20260926-014535-greg-0110,0.219,2026-09-25 21:58
norm: delivery to verdict,20260926-105020-greg-0111,0.326,2026-09-26 07:09
norm: delivery to verdict,20260926-113943-greg-0112,0.286,2026-09-26 07:56
norm: delivery to verdict,20260926-141117-greg-0114,0.197,2026-09-26 10:23
norm: delivery to verdict,20260926-143012-greg-0117,0.214,2026-09-26 10:43
norm: delivery to verdict,20260926-151601-greg-0120,0.123,2026-09-26 11:23
norm: delivery to verdict,20260926-153916-greg-0123,0.124,2026-09-26 11:46
norm: delivery to verdict,20260926-154507-greg-0124,0.106,2026-09-26 11:51
norm: delivery to verdict,20260926-162252-greg-0125,0.231,2026-09-26 12:36
norm: delivery to verdict,20260926-163849-greg-0126,0.112,2026-09-26 12:45
norm: delivery to verdict,20260926-164907-greg-0127,0.173,2026-09-26 12:59
norm: delivery to verdict,20260926-165408-greg-0128,0.247,2026-09-26 13:08
norm: delivery to verdict,20260926-170605-greg-0129,0.048,2026-09-26 13:08
norm: delivery to verdict,20260926-173627-greg-0134,0.018,2026-09-26 13:37
norm: delivery to verdict,20260926-175500-greg-0136,0.025,2026-09-26 13:56
norm: delivery to verdict,20260926-175959-greg-0137,0.049,2026-09-26 14:02
norm: delivery to verdict,20260926-180327-greg-0138,0.076,2026-09-26 14:08
norm: delivery to verdict,20260926-180527-greg-0139,0.042,2026-09-26 14:07
norm: delivery to verdict,20260926-191540-greg-0140,0.252,2026-09-26 15:30
norm: delivery to verdict,20260926-195703-greg-0142,0.098,2026-09-26 16:02
norm: delivery to verdict,20260926-205923-greg-0144,0.099,2026-09-26 17:05
norm: delivery to verdict,20260926-211707-greg-0147,0.110,2026-09-26 17:23
norm: delivery to verdict,20260926-212730-greg-0149,0.017,2026-09-26 17:28
norm: delivery to verdict,20260926-221839-greg-0152,0.012,2026-09-26 18:19
norm: delivery to verdict,20260926-231052-greg-0154,0.342,2026-09-26 19:31
norm: delivery to verdict,20260926-234721-greg-0156,0.086,2026-09-26 19:52
norm: delivery to verdict,20260927-000412-greg-0157,0.095,2026-09-26 20:09
norm: delivery to verdict,20260927-001836-greg-0160,0.189,2026-09-26 20:29
norm: delivery to verdict,20260927-002239-greg-0161,0.237,2026-09-26 20:36
norm: delivery to verdict,20260927-003547-greg-0163,0.182,2026-09-26 20:46
norm: delivery to verdict,20260927-005614-greg-0165,0.172,2026-09-26 21:06
norm: delivery to verdict,20260927-010757-greg-0166,0.109,2026-09-26 21:14
norm: delivery to verdict,20260927-012652-greg-0168,0.246,2026-09-26 21:41
norm: delivery to verdict,20260927-015317-greg-0170,0.221,2026-09-26 22:06
norm: delivery to verdict,20260927-104141-greg-0176,0.524,2026-09-27 07:13
norm: delivery to verdict,20260927-110606-greg-0178,0.700,2026-09-27 07:48
norm: delivery to verdict,20260927-115805-greg-0181,0.187,2026-09-27 08:09
norm: delivery to verdict,20260927-120922-greg-0182,0.216,2026-09-27 08:22
norm: delivery to verdict,20260927-125906-greg-0188,0.163,2026-09-27 09:08
norm: delivery to verdict,20260927-130337-greg-0189,0.194,2026-09-27 09:15
norm: delivery to verdict,20260927-132449-greg-0190,0.018,2026-09-27 09:25
norm: delivery to verdict,20260927-133448-greg-0191,0.018,2026-09-27 09:35
norm: delivery to verdict,20260927-134526-greg-0192,0.250,2026-09-27 10:00
norm: delivery to verdict,20260927-140039-greg-0193,0.022,2026-09-27 10:01
norm: delivery to verdict,20260927-143244-greg-0195,0.021,2026-09-27 10:33
norm: delivery to verdict,20260927-145548-greg-0198,1.403,2026-09-27 12:20
norm: delivery to verdict,20260927-151141-greg-0199,0.688,2026-09-27 11:52
norm: delivery to verdict,20260927-152202-greg-0200,2.111,2026-09-27 13:28
norm: delivery to verdict,20260927-160828-greg-0201,0.736,2026-09-27 12:52
norm: delivery to verdict,20260927-162551-greg-0202,0.522,2026-09-27 12:57
norm: delivery to verdict,20260927-163908-greg-0203,0.826,2026-09-27 13:28
norm: delivery to verdict,20260927-164759-greg-0204,0.031,2026-09-27 12:49
norm: delivery to verdict,20260927-165517-greg-0205,0.927,2026-09-27 13:50
norm: delivery to verdict,20260927-170722-greg-0206,2.523,2026-09-27 15:38
norm: delivery to verdict,20260927-171837-greg-0207,1.003,2026-09-27 14:18
norm: delivery to verdict,20260927-173041-greg-0208,2.221,2026-09-27 15:43
norm: delivery to verdict,20260927-173929-greg-0209,0.051,2026-09-27 13:42
norm: delivery to verdict,20260927-175926-greg-0210,1.735,2026-09-27 15:43
norm: delivery to verdict,20260927-182046-greg-0212,1.159,2026-09-27 15:30
norm: delivery to verdict,20260927-183528-greg-0213,0.842,2026-09-27 15:25
norm: delivery to verdict,20260927-184624-greg-0214,0.661,2026-09-27 15:26
norm: delivery to verdict,20260927-190334-greg-0215,2.274,2026-09-27 17:20
norm: delivery to verdict,20260927-193625-greg-0216,1.383,2026-09-27 16:59
norm: delivery to verdict,20260927-200033-greg-0217,0.482,2026-09-27 16:29
norm: delivery to verdict,20260927-201143-greg-0218,0.538,2026-09-27 16:44
norm: delivery to verdict,20260927-202549-greg-0219,0.585,2026-09-27 17:00
norm: delivery to verdict,20260927-203111-greg-0220,0.940,2026-09-27 17:27
norm: delivery to verdict,20260927-205346-greg-0221,0.417,2026-09-27 17:18
norm: delivery to verdict,20260927-211454-greg-0222,1.022,2026-09-27 18:16
norm: delivery to verdict,20260927-214959-greg-0223,0.457,2026-09-27 18:17
norm: delivery to verdict,20260927-215609-greg-0224,1.666,2026-09-27 19:36
norm: delivery to verdict,20260927-220313-greg-0225,0.324,2026-09-27 18:22
norm: delivery to verdict,20260927-221952-greg-0226,1.278,2026-09-27 19:36
norm: delivery to verdict,20260927-222407-greg-0227,1.341,2026-09-27 19:44
norm: delivery to verdict,20260927-224014-greg-0228,1.124,2026-09-27 19:47
norm: delivery to verdict,20260927-224846-greg-0229,1.556,2026-09-27 20:22
norm: delivery to verdict,20260927-225650-greg-0230,1.264,2026-09-27 20:12
norm: delivery to verdict,20260927-231442-greg-0231,1.117,2026-09-27 20:21
norm: delivery to verdict,20260927-232832-greg-0232,0.324,2026-09-27 19:47
norm: delivery to verdict,20260927-234040-greg-0233,0.525,2026-09-27 20:12
norm: delivery to verdict,20260927-234857-greg-0234,0.192,2026-09-27 20:00
norm: delivery to verdict,20260927-235554-greg-0235,0.157,2026-09-27 20:05
norm: delivery to verdict,20260928-000746-greg-0236,0.104,2026-09-27 20:14
norm: delivery to verdict,20260928-002454-greg-0238,0.205,2026-09-27 20:37
norm: delivery to verdict,20260928-004329-greg-0239,1.045,2026-09-27 21:46
norm: delivery to verdict,20260928-010343-greg-0240,0.574,2026-09-27 21:38
norm: delivery to verdict,20260928-020014-greg-0241,0.083,2026-09-27 22:05
norm: delivery to verdict,20260928-022250-greg-0242,0.221,2026-09-27 22:36
norm: delivery to verdict,20260928-023436-greg-0243,0.389,2026-09-27 22:57
norm: delivery to verdict,20260928-031939-greg-0244,0.411,2026-09-27 23:44
norm: delivery to verdict,20260928-033143-greg-0245,0.118,2026-09-27 23:38
norm: delivery to verdict,20260928-033830-greg-0246,0.216,2026-09-27 23:51
norm: delivery to verdict,20260928-035655-greg-0247,0.842,2026-09-28 00:47
norm: delivery to verdict,20260928-042719-greg-0248,0.547,2026-09-28 01:00
norm: delivery to verdict,20260928-043839-greg-0249,0.552,2026-09-28 01:11
norm: delivery to verdict,20260928-051121-greg-0250,0.541,2026-09-28 01:43
norm: delivery to verdict,20260928-051855-greg-0251,0.199,2026-09-28 01:30
norm: delivery to verdict,20260928-053158-greg-0252,0.456,2026-09-28 01:59
norm: delivery to verdict,20260928-061156-greg-0253,0.216,2026-09-28 02:24
norm: delivery to verdict,20260928-065212-greg-0254,0.124,2026-09-28 02:59
norm: delivery to verdict,20260928-065743-greg-0255,0.076,2026-09-28 03:02
norm: delivery to verdict,20260928-071622-greg-0256,0.054,2026-09-28 03:19
norm: delivery to verdict,20260928-073645-greg-0257,0.177,2026-09-28 03:47
norm: delivery to verdict,20260928-080702-greg-0258,0.115,2026-09-28 04:13
norm: delivery to verdict,20260928-081328-greg-0259,0.419,2026-09-28 04:38
norm: delivery to verdict,20260928-085224-greg-0260,0.045,2026-09-28 04:55
norm: delivery to verdict,20260928-090031-greg-0261,0.308,2026-09-28 05:19
norm: delivery to verdict,20260928-091744-greg-0262,0.208,2026-09-28 05:30
norm: delivery to verdict,20260928-105802-greg-0263,0.031,2026-09-28 06:59
norm: delivery to verdict,20260928-110446-greg-0264,0.019,2026-09-28 07:05
norm: delivery to verdict,20260928-111441-greg-0265,0.060,2026-09-28 07:18
norm: delivery to verdict,20260928-111936-greg-0266,0.031,2026-09-28 07:21
norm: delivery to verdict,20260928-114638-greg-0267,0.026,2026-09-28 07:48
norm: delivery to verdict,20260928-115258-greg-0268,0.015,2026-09-28 07:53
norm: delivery to verdict,20260928-123425-greg-0269,0.012,2026-09-28 08:35
norm: delivery to verdict,20260928-205039-greg-0270,0.031,2026-09-28 16:52
norm: delivery to verdict,20260928-210357-greg-0271,0.026,2026-09-28 17:05
norm: delivery to verdict,20260928-210357-greg-0272,0.026,2026-09-28 17:05
norm: delivery to verdict,20260928-214629-greg-0273,0.019,2026-09-28 17:47
norm: delivery to verdict,20260928-225311-greg-0274,0.026,2026-09-28 18:54
norm: delivery to verdict,20260928-232246-greg-0275,0.083,2026-09-28 19:27
norm: delivery to verdict,20260928-234114-greg-0276,0.015,2026-09-28 19:42
norm: delivery to verdict,20260928-234755-greg-0277,0.017,2026-09-28 19:48
norm: delivery to verdict,20260929-005555-greg-0278,0.018,2026-09-28 20:56
norm: delivery to verdict,20260929-014449-greg-0279,0.015,2026-09-28 21:45
norm: delivery to verdict,20260929-021240-greg-0280,0.022,2026-09-28 22:13
norm: delivery to verdict,20260929-032732-greg-0281,0.026,2026-09-28 23:29
norm: delivery to verdict,20260929-033544-greg-0282,0.044,2026-09-28 23:38
norm: delivery to verdict,20260929-044700-greg-0283,0.058,2026-09-29 00:50
norm: delivery to verdict,20260929-051526-greg-0284,0.076,2026-09-29 01:20
norm: delivery to verdict,20260929-052503-greg-0285,0.022,2026-09-29 01:26
norm: delivery to verdict,20260929-052837-greg-0286,0.029,2026-09-29 01:30
norm: delivery to verdict,20260929-053747-greg-0287,0.046,2026-09-29 01:40
norm: delivery to verdict,20260929-054425-greg-0288,0.075,2026-09-29 01:48
norm: delivery to verdict,20260929-055057-greg-0289,0.022,2026-09-29 01:52
norm: delivery to verdict,20260929-055319-greg-0290,0.022,2026-09-29 01:54
norm: delivery to verdict,20260929-063024-greg-0291,0.039,2026-09-29 02:32
norm: delivery to verdict,20260929-063641-greg-0292,0.059,2026-09-29 02:40
norm: delivery to verdict,20260929-064143-greg-0293,0.034,2026-09-29 02:43
norm: delivery to verdict,20260929-064815-greg-0294,0.061,2026-09-29 02:51
norm: delivery to verdict,20260929-085651-greg-0295,2.393,2026-09-29 07:20
norm: delivery to verdict,20260929-122749-greg-0297,0.284,2026-09-29 08:44
norm: delivery to verdict,20260929-134200-greg-0300,0.121,2026-09-29 09:49
norm: delivery to verdict,20260929-141505-greg-0302,0.314,2026-09-29 10:33
norm: delivery to verdict,20260929-145512-greg-0304,0.218,2026-09-29 11:08
norm: delivery to verdict,20260929-184835-greg-0308,0.321,2026-09-29 15:07
norm: delivery to verdict,20260929-185246-greg-0309,0.254,2026-09-29 15:07
norm: delivery to verdict,20260929-190120-greg-0310,0.175,2026-09-29 15:11
norm: delivery to verdict,20260929-202256-greg-0317,0.425,2026-09-29 16:48
norm: delivery to verdict,20260930-111709-greg-0321,0.949,2026-09-30 08:14
norm: delivery to verdict,20260930-111710-greg-0322,0.949,2026-09-30 08:14
norm: delivery to verdict,20260930-111711-greg-0323,0.950,2026-09-30 08:14
norm: delivery to verdict,20260930-140042-greg-0328,0.224,2026-09-30 10:14
norm: delivery to verdict,20260930-211503-greg-0329,0.419,2026-09-30 17:40
norm: delivery to verdict,20260930-224116-greg-0330,1.743,2026-09-30 20:25
norm: delivery to verdict,20260930-224232-greg-0331,2.428,2026-09-30 21:08
norm: delivery to verdict,20261001-162957-greg-0333,0.242,2026-10-01 12:44
norm: delivery to verdict,20261001-165123-greg-0334,0.226,2026-10-01 13:04
norm: delivery to verdict,20261001-171337-greg-0336,0.101,2026-10-01 13:19
norm: delivery to verdict,20261001-173939-greg-0337,0.087,2026-10-01 13:44
norm: delivery to verdict,20261001-180754-greg-0338,0.127,2026-10-01 14:15
norm: delivery to verdict,20261001-190111-greg-0339,0.182,2026-10-01 15:12
norm: delivery to verdict,20261001-194634-greg-0340,0.190,2026-10-01 15:57
norm: delivery to verdict,20261001-202248-greg-0341,0.182,2026-10-01 16:33
norm: delivery to verdict,20261001-205431-greg-0342,0.126,2026-10-01 17:02
norm: delivery to verdict,20261001-215314-greg-0343,0.126,2026-10-01 18:00
norm: delivery to verdict,20261001-224952-greg-0346,0.026,2026-10-01 18:51
norm: delivery to verdict,20261001-225007-greg-0347,0.034,2026-10-01 18:52
norm: delivery to verdict,20261001-231329-greg-0348,0.121,2026-10-01 19:20
norm: delivery to verdict,20261001-231356-greg-0349,0.114,2026-10-01 19:20
norm: delivery to verdict,20261001-234051-greg-0351,0.168,2026-10-01 19:50
norm: delivery to verdict,20261001-234052-greg-0352,0.168,2026-10-01 19:50
norm: delivery to verdict,20261002-000239-greg-0353,0.144,2026-10-01 20:11
norm: delivery to verdict,20261002-000239-greg-0354,0.148,2026-10-01 20:11
norm: delivery to verdict,20261002-111237-greg-0356,0.205,2026-10-02 07:24
norm: delivery to verdict,20261002-121300-greg-0360,0.209,2026-10-02 08:25
norm: delivery to verdict,20261002-123921-greg-0361,0.145,2026-10-02 08:48
norm: delivery to verdict,20261002-130415-greg-0362,0.143,2026-10-02 09:12
norm: delivery to verdict,20261002-133233-greg-0364,0.191,2026-10-02 09:44
norm: delivery to verdict,20261002-141613-greg-0365,0.109,2026-10-02 10:22
norm: delivery to verdict,20261002-145218-greg-0367,0.159,2026-10-02 11:01
norm: delivery to verdict,20261002-150717-greg-0368,0.085,2026-10-02 11:12
norm: delivery to verdict,20261002-153403-greg-0370,0.138,2026-10-02 11:42
norm: delivery to verdict,20261002-160444-greg-0372,0.132,2026-10-02 12:12
norm: delivery to verdict,20261002-173217-greg-0374,0.192,2026-10-02 13:43
norm: delivery to verdict,20261002-175211-greg-0376,0.172,2026-10-02 14:02
norm: delivery to verdict,20261002-181438-greg-0379,0.149,2026-10-02 14:23
norm: delivery to verdict,20261002-181438-greg-0380,0.149,2026-10-02 14:23
norm: delivery to verdict,20261002-191310-greg-0384,0.161,2026-10-02 15:22
norm: delivery to verdict,20261002-195316-greg-0387,0.169,2026-10-02 16:03
norm: delivery to verdict,20261002-200709-greg-0388,0.089,2026-10-02 16:12
norm: delivery to verdict,20261002-215012-greg-0389,0.228,2026-10-02 18:03
norm: delivery to verdict,20261002-215510-greg-0390,0.146,2026-10-02 18:03
norm: delivery to verdict,20261002-231602-greg-0391,0.140,2026-10-02 19:24
norm: delivery to verdict,20261002-231602-greg-0392,0.140,2026-10-02 19:24
norm: delivery to verdict,20261002-231942-greg-0393,0.079,2026-10-02 19:24
norm: delivery to verdict,20261002-234343-greg-0394,0.104,2026-10-02 19:49
norm: delivery to verdict,20261002-234959-greg-0395,0.042,2026-10-02 19:52
norm: delivery to verdict,20261002-235505-greg-0396,0.093,2026-10-02 20:00
norm: delivery to verdict,20261003-000837-greg-0397,0.121,2026-10-02 20:15
norm: delivery to verdict,20261003-003048-greg-0399,0.198,2026-10-02 20:42
norm: delivery to verdict,20261003-010623-greg-0402,0.097,2026-10-02 21:12
norm: delivery to verdict,20261003-103325-greg-0406,0.023,2026-10-03 06:34
norm: delivery to verdict,20261003-103516-greg-0407,0.149,2026-10-03 06:44
norm: delivery to verdict,20261003-104629-greg-0408,0.019,2026-10-03 06:47
norm: delivery to verdict,20261003-105533-greg-0409,0.009,2026-10-03 06:56
norm: delivery to verdict,20261003-111755-greg-0410,0.056,2026-10-03 07:21
norm: delivery to verdict,20261003-153749-greg-0412,6.907,2026-10-03 18:32
norm: delivery to verdict,20261003-231555-greg-0414,0.038,2026-10-03 19:18
norm: delivery to verdict,20261003-233334-greg-0416,0.043,2026-10-03 19:36
norm: delivery to verdict,20261003-234852-greg-0417,0.044,2026-10-03 19:51
norm: delivery to verdict,20261004-101606-greg-0421,0.012,2026-10-04 06:16
norm: delivery to verdict,20261004-102502-greg-0424,0.010,2026-10-04 06:25
norm: delivery to verdict,20261004-120618-greg-0429,0.016,2026-10-04 08:07
norm: delivery to verdict,20261004-124636-greg-0432,0.029,2026-10-04 08:48
norm: delivery to verdict,20261004-124741-greg-0433,0.041,2026-10-04 08:50
norm: delivery to verdict,20261004-125246-greg-0434,0.035,2026-10-04 08:54
norm: delivery to verdict,20261004-131036-greg-0436,0.024,2026-10-04 09:12
norm: delivery to verdict,20261004-131506-greg-0437,0.064,2026-10-04 09:18
norm: delivery to verdict,20261004-134808-greg-0439,0.023,2026-10-04 09:49
norm: delivery to verdict,20261004-135926-greg-0440,0.022,2026-10-04 10:00
norm: delivery to verdict,20261004-140246-greg-0441,0.068,2026-10-04 10:06
norm: delivery to verdict,20261004-141405-greg-0442,0.023,2026-10-04 10:15
norm: delivery to verdict,20261004-142441-greg-0443,0.036,2026-10-04 10:26
norm: delivery to verdict,20261004-142843-greg-0444,0.014,2026-10-04 10:29
norm: delivery to verdict,20261004-143334-greg-0445,0.025,2026-10-04 10:35
norm: delivery to verdict,20261004-143746-greg-0446,0.013,2026-10-04 10:38
norm: delivery to verdict,20261004-160011-greg-0447,0.082,2026-10-04 12:05
norm: delivery to verdict,20261004-161345-greg-0448,0.021,2026-10-04 12:15
norm: delivery to verdict,20261004-175308-greg-0450,0.079,2026-10-04 13:57
norm: delivery to verdict,20261004-175559-greg-0451,0.045,2026-10-04 13:58
norm: delivery to verdict,20261004-183329-greg-0453,0.030,2026-10-04 14:35
norm: delivery to verdict,20261004-184338-greg-0454,0.095,2026-10-04 14:49
norm: delivery to verdict,20261004-204727-greg-0458,0.021,2026-10-04 16:48
norm: delivery to verdict,20261004-211409-greg-0461,0.023,2026-10-04 17:15
norm: delivery to verdict,20261004-211621-greg-0463,0.014,2026-10-04 17:17
norm: delivery to verdict,20261004-215012-greg-0465,0.112,2026-10-04 17:56
norm: delivery to verdict,20261004-222800-greg-0469,0.246,2026-10-04 18:42
norm: delivery to verdict,20261005-000933-greg-0476,0.026,2026-10-04 20:11
norm: delivery to verdict,20261005-010618-greg-0480,0.151,2026-10-04 21:15
norm: delivery to verdict,20261005-012319-greg-0482,0.018,2026-10-04 21:24
norm: delivery to verdict,20261005-014153-greg-0483,0.016,2026-10-04 21:42
norm: delivery to verdict,20261005-014509-greg-0484,0.046,2026-10-04 21:47
norm: delivery to verdict,20261005-015545-greg-0485,0.031,2026-10-04 21:57
norm: delivery to verdict,20261005-015619-greg-0486,0.051,2026-10-04 21:59
norm: delivery to verdict,20261005-021729-greg-0487,0.014,2026-10-04 22:18
norm: delivery to verdict,20261005-021730-greg-0488,0.024,2026-10-04 22:18
norm: delivery to verdict,20261005-025100-greg-0489,0.024,2026-10-04 22:52
norm: delivery to verdict,20261005-025309-greg-0490,0.018,2026-10-04 22:54
norm: delivery to verdict,20261005-030044-greg-0491,0.013,2026-10-04 23:01
norm: delivery to verdict,20261005-030438-greg-0492,0.013,2026-10-04 23:05
norm: delivery to verdict,20261005-031332-greg-0493,0.010,2026-10-04 23:14
norm: delivery to verdict,20261005-033958-greg-0494,0.018,2026-10-04 23:41
norm: delivery to verdict,20261005-034949-greg-0495,0.052,2026-10-04 23:52
norm: delivery to verdict,20261005-040223-greg-0496,0.016,2026-10-05 00:03
norm: delivery to verdict,20261005-040243-greg-0497,0.028,2026-10-05 00:04
norm: delivery to verdict,20261005-040858-greg-0498,0.014,2026-10-05 00:09
norm: delivery to verdict,20261005-041822-greg-0499,0.014,2026-10-05 00:19
norm: delivery to verdict,20261005-042221-greg-0500,0.074,2026-10-05 00:26
norm: delivery to verdict,20261005-045303-greg-0501,0.011,2026-10-05 00:53
norm: delivery to verdict,20261005-052041-greg-0502,0.018,2026-10-05 01:21
norm: delivery to verdict,20261005-055843-greg-0503,0.010,2026-10-05 01:59
norm: delivery to verdict,20261005-055845-greg-0504,0.010,2026-10-05 01:59
norm: delivery to verdict,20261005-060844-greg-0505,0.013,2026-10-05 02:09
norm: delivery to verdict,20261005-063921-greg-0506,0.008,2026-10-05 02:39
norm: delivery to verdict,20261005-105115-greg-0507,0.019,2026-10-05 06:52
norm: delivery to verdict,20261005-110808-greg-0508,0.018,2026-10-05 07:09
norm: delivery to verdict,20261005-110808-greg-0509,0.018,2026-10-05 07:09
norm: delivery to verdict,20261005-112205-greg-0510,0.016,2026-10-05 07:23
norm: delivery to verdict,20261005-115006-greg-0511,0.021,2026-10-05 07:51
norm: delivery to verdict,20261005-123652-greg-0512,0.057,2026-10-05 08:40
norm: delivery to verdict,20261005-125109-greg-0513,0.022,2026-10-05 08:52
norm: delivery to verdict,20261005-130055-greg-0514,0.215,2026-10-05 09:13
norm: delivery to verdict,20261005-130129-greg-0515,0.039,2026-10-05 09:03
norm: delivery to verdict,20261005-131758-greg-0516,0.579,2026-10-05 09:52
norm: delivery to verdict,20261005-140838-greg-0517,0.031,2026-10-05 10:10
norm: delivery to verdict,20261005-141240-greg-0518,0.032,2026-10-05 10:14
norm: delivery to verdict,20261005-143021-greg-0519,0.019,2026-10-05 10:31
norm: delivery to verdict,20261005-143932-greg-0520,0.027,2026-10-05 10:41
norm: delivery to verdict,20261005-144959-greg-0521,0.053,2026-10-05 10:53
norm: delivery to verdict,20261005-150215-greg-0522,0.043,2026-10-05 11:04
norm: delivery to verdict,20261005-154235-greg-0523,0.023,2026-10-05 11:43
norm: delivery to verdict,20261005-154946-greg-0524,0.019,2026-10-05 11:50
norm: delivery to verdict,20261005-160244-greg-0525,0.031,2026-10-05 12:04
norm: delivery to verdict,20261005-161759-greg-0526,0.070,2026-10-05 12:22
norm: delivery to verdict,20261005-162536-greg-0527,0.056,2026-10-05 12:28
norm: delivery to verdict,20261005-165903-greg-0528,0.020,2026-10-05 13:00
norm: delivery to verdict,20261005-170641-greg-0529,0.018,2026-10-05 13:07
norm: delivery to verdict,20261005-172350-greg-0530,0.034,2026-10-05 13:25
norm: delivery to verdict,20261005-172842-greg-0531,0.022,2026-10-05 13:30
norm: delivery to verdict,20261005-173436-greg-0532,0.025,2026-10-05 13:36
norm: delivery to verdict,20261005-174742-greg-0533,0.114,2026-10-05 13:54
norm: delivery to verdict,20261005-175353-greg-0534,0.119,2026-10-05 14:01
norm: delivery to verdict,20261005-175823-greg-0535,0.065,2026-10-05 14:02
norm: delivery to verdict,20261005-182423-greg-0536,0.054,2026-10-05 14:27
norm: delivery to verdict,20261005-183253-greg-0537,0.043,2026-10-05 14:35
norm: delivery to verdict,20261005-183933-greg-0538,0.062,2026-10-05 14:43
norm: delivery to verdict,20261005-184321-greg-0539,0.028,2026-10-05 14:45
norm: delivery to verdict,20261005-190738-greg-0540,0.020,2026-10-05 15:08
norm: delivery to verdict,20261005-193222-greg-0541,0.018,2026-10-05 15:33
norm: delivery to verdict,20261005-193627-greg-0542,0.066,2026-10-05 15:40
norm: delivery to verdict,20261005-202417-greg-0544,0.017,2026-10-05 16:25
norm: delivery to verdict,20261006-114431-greg-0545,0.061,2026-10-06 07:48
norm: delivery to verdict,20261006-125029-greg-0546,0.040,2026-10-06 08:52
norm: delivery to verdict,20261006-130335-greg-0547,0.028,2026-10-06 09:05
norm: delivery to verdict,20261006-131113-greg-0548,0.022,2026-10-06 09:12
norm: delivery to verdict,20261006-132527-greg-0549,0.017,2026-10-06 09:26
norm: delivery to verdict,20261006-134953-greg-0550,0.027,2026-10-06 09:51
norm: delivery to verdict,20261006-141052-greg-0551,0.013,2026-10-06 10:11
norm: delivery to verdict,20261006-142627-greg-0552,0.013,2026-10-06 10:27
norm: delivery to verdict,20261006-160219-greg-0554,0.023,2026-10-06 12:03
norm: delivery to verdict,20261006-172504-greg-0556,0.018,2026-10-06 13:26
norm: delivery to verdict,20261006-223748-greg-0557,0.014,2026-10-06 18:38
norm: delivery to verdict,20261006-224517-greg-0558,0.019,2026-10-06 18:46
norm: delivery to verdict,20261006-230023-greg-0559,0.009,2026-10-06 19:00
norm: delivery to verdict,20261006-230625-greg-0560,0.010,2026-10-06 19:07
norm: delivery to verdict,20261006-231859-greg-0561,0.009,2026-10-06 19:19
norm: delivery to verdict,20261006-232734-greg-0562,0.011,2026-10-06 19:28
norm: delivery to verdict,20261006-233633-greg-0563,0.009,2026-10-06 19:37
norm: delivery to verdict,20261006-234705-greg-0564,0.007,2026-10-06 19:47
norm: delivery to verdict,20261006-235532-greg-0565,0.009,2026-10-06 19:56
norm: delivery to verdict,20261007-002034-greg-0567,0.014,2026-10-06 20:21
norm: delivery to verdict,20261007-002549-greg-0568,0.008,2026-10-06 20:26
norm: delivery to verdict,20261007-004052-greg-0569,0.008,2026-10-06 20:41
norm: delivery to verdict,20261007-092359-greg-0570,0.597,2026-10-07 05:59
norm: delivery to verdict,20261007-104708-greg-0573,0.009,2026-10-07 06:47
norm: delivery to verdict,20261007-110946-greg-0574,0.010,2026-10-07 07:10
norm: delivery to verdict,20261007-111919-greg-0576,0.019,2026-10-07 07:20
norm: delivery to verdict,20261007-112212-greg-0577,0.009,2026-10-07 07:22
norm: delivery to verdict,20261007-121618-greg-0578,0.010,2026-10-07 08:16
norm: delivery to verdict,20261008-113051-greg-0579,0.020,2026-10-08 07:32
norm: delivery to verdict,20261008-113213-greg-0580,0.018,2026-10-08 07:33
norm: delivery to verdict,20261008-122158-greg-0581,0.011,2026-10-08 08:22
norm: delivery to verdict,20261008-122343-greg-0582,0.010,2026-10-08 08:24
norm: delivery to verdict,20261008-134313-greg-0583,0.009,2026-10-08 09:43
norm: delivery to verdict,20261008-141905-greg-0584,0.009,2026-10-08 10:19
norm: delivery to verdict,20261008-161246-greg-0585,0.010,2026-10-08 12:13
norm: delivery to verdict,20261008-165211-greg-0586,0.011,2026-10-08 12:52
norm: delivery to verdict,20261008-175731-greg-0590,0.012,2026-10-08 13:58
norm: delivery to verdict,20261008-180637-greg-0592,0.009,2026-10-08 14:07
norm: delivery to verdict,20261008-181820-greg-0593,0.009,2026-10-08 14:18
norm: delivery to verdict,20261008-182257-greg-0594,0.010,2026-10-08 14:23
norm: delivery to verdict,20261008-183653-greg-0595,0.013,2026-10-08 14:37
norm: delivery to verdict,20261008-184622-greg-0596,0.013,2026-10-08 14:47
norm: delivery to verdict,20261008-185635-greg-0597,0.008,2026-10-08 14:57
norm: delivery to verdict,20261008-190916-greg-0598,0.013,2026-10-08 15:10
norm: delivery to verdict,20261008-192025-greg-0599,0.024,2026-10-08 15:21
norm: delivery to verdict,20261008-193248-greg-0600,0.013,2026-10-08 15:33
norm: delivery to verdict,20261008-193922-greg-0601,0.012,2026-10-08 15:40
norm: delivery to verdict,20261009-091212-greg-0602,0.018,2026-10-09 05:13
norm: delivery to verdict,20261009-091555-greg-0603,0.008,2026-10-09 05:16
norm: delivery to verdict,20261009-093257-greg-0604,0.019,2026-10-09 05:34
norm: delivery to verdict,20261009-093547-greg-0605,0.013,2026-10-09 05:36
norm: delivery to verdict,20261009-095032-greg-0606,0.011,2026-10-09 05:51
norm: delivery to verdict,20261009-100108-greg-0607,0.011,2026-10-09 06:01
norm: delivery to verdict,20261009-105155-greg-0608,0.032,2026-10-09 06:53
norm: delivery to verdict,20261009-111437-greg-0610,0.044,2026-10-09 07:17
norm: delivery to verdict,20261009-112359-greg-0611,0.016,2026-10-09 07:24
norm: delivery to verdict,20261009-112953-greg-0613,0.009,2026-10-09 07:30
norm: delivery to verdict,20261009-113857-greg-0614,0.009,2026-10-09 07:39
norm: delivery to verdict,20261009-115606-greg-0615,0.013,2026-10-09 07:56
norm: delivery to verdict,20261009-120149-greg-0616,0.008,2026-10-09 08:02
norm: delivery to verdict,20261009-122345-greg-0617,0.008,2026-10-09 08:24
norm: delivery to verdict,20261009-123325-greg-0618,0.011,2026-10-09 08:34
norm: delivery to verdict,20261009-124646-greg-0619,0.020,2026-10-09 08:47
norm: delivery to verdict,20261009-130424-greg-0620,0.010,2026-10-09 09:04
norm: delivery to verdict,20261009-134052-greg-0621,0.011,2026-10-09 09:41
norm: delivery to verdict,20261009-140232-greg-0622,0.009,2026-10-09 10:03
norm: delivery to verdict,20261009-141055-greg-0623,0.012,2026-10-09 10:11
norm: delivery to verdict,20261009-141535-greg-0624,0.008,2026-10-09 10:16
norm: delivery to verdict,20261009-145320-greg-0625,0.016,2026-10-09 10:54
norm: delivery to verdict,20261009-145928-greg-0626,0.010,2026-10-09 11:00
norm: delivery to verdict,20261009-150828-greg-0627,0.012,2026-10-09 11:09
norm: delivery to verdict,20261009-153008-greg-0629,0.020,2026-10-09 11:31
norm: delivery to verdict,20261009-154226-greg-0630,0.010,2026-10-09 11:43
norm: delivery to verdict,20261009-154802-greg-0631,0.010,2026-10-09 11:48
greg: ask to delivery,20260925-003439-norm-0001#1,0.100,2026-09-24 20:40
greg: ask to delivery,20260925-003458-norm-0002#1,0.282,2026-09-24 20:51
greg: ask to delivery,20260925-005444-norm-0008#1,0.081,2026-09-24 20:59
greg: ask to delivery,20260925-005445-norm-0009#1,0.144,2026-09-24 21:03
greg: ask to delivery,20260925-010456-norm-0011#1,0.071,2026-09-24 21:09
greg: ask to delivery,20260925-011053-norm-0014#1,0.284,2026-09-24 21:27
greg: ask to delivery,20260925-013145-norm-0018#1,0.227,2026-09-24 21:45
greg: ask to delivery,20260925-014627-norm-0020#1,0.064,2026-09-24 21:50
greg: ask to delivery,20260925-015147-norm-0022#1,0.091,2026-09-24 21:57
greg: ask to delivery,20260925-015652-norm-0023#1,0.094,2026-09-24 22:02
greg: ask to delivery,20260925-020344-norm-0026#1,0.051,2026-09-24 22:06
greg: ask to delivery,20260925-021551-norm-0028#1,0.725,2026-09-24 22:59
greg: ask to delivery,20260925-021552-norm-0029#1,0.824,2026-09-24 23:05
greg: ask to delivery,20260925-032247-norm-0034#1,0.106,2026-09-24 23:29
greg: ask to delivery,20260925-044255-norm-0038#1,0.059,2026-09-25 00:46
greg: ask to delivery,20260925-044256-norm-0039#1,0.097,2026-09-25 00:48
greg: ask to delivery,20260925-044257-norm-0040#1,0.141,2026-09-25 00:51
greg: ask to delivery,20260925-044258-norm-0041#1,0.646,2026-09-25 01:21
greg: ask to delivery,20260925-044258-norm-0042#1,0.731,2026-09-25 01:26
greg: ask to delivery,20260925-045410-norm-0044#1,0.257,2026-09-25 01:09
greg: ask to delivery,20260925-045456-norm-0045#1,0.328,2026-09-25 01:14
greg: ask to delivery,20260925-045457-norm-0046#1,0.385,2026-09-25 01:18
greg: ask to delivery,20260925-050325-norm-0047#1,0.305,2026-09-25 01:21
greg: ask to delivery,20260925-050853-norm-0048#1,0.299,2026-09-25 01:26
greg: ask to delivery,20260925-051608-norm-0049#1,0.242,2026-09-25 01:30
greg: ask to delivery,20260925-051809-norm-0050#1,0.438,2026-09-25 01:44
greg: ask to delivery,20260925-094003-norm-0057#1,0.157,2026-09-25 05:49
greg: ask to delivery,20260925-094004-norm-0058#1,0.188,2026-09-25 05:51
greg: ask to delivery,20260925-094005-norm-0059#1,0.591,2026-09-25 06:15
greg: ask to delivery,20260925-094006-norm-0060#1,1.014,2026-09-25 06:40
greg: ask to delivery,20260925-094007-norm-0061#1,0.352,2026-09-25 06:01
greg: ask to delivery,20260925-094008-norm-0062#1,0.449,2026-09-25 06:07
greg: ask to delivery,20260925-094008-norm-0063#1,1.014,2026-09-25 06:40
greg: ask to delivery,20260925-095114-norm-0064#1,1.199,2026-09-25 07:03
greg: ask to delivery,20260925-095115-norm-0065#1,1.302,2026-09-25 07:09
greg: ask to delivery,20260925-095116-norm-0066#1,1.807,2026-09-25 07:39
greg: ask to delivery,20260925-095117-norm-0067#1,2.068,2026-09-25 07:55
greg: ask to delivery,20260925-095805-norm-0070#1,0.463,2026-09-25 06:25
greg: ask to delivery,20260925-100613-norm-0071#1,0.436,2026-09-25 06:32
greg: ask to delivery,20260925-101153-norm-0073#1,0.455,2026-09-25 06:39
greg: ask to delivery,20260925-102330-norm-0077#1,0.470,2026-09-25 06:51
greg: ask to delivery,20260925-104320-norm-0081#1,0.601,2026-09-25 07:19
greg: ask to delivery,20260925-104934-norm-0083#1,0.920,2026-09-25 07:44
greg: ask to delivery,20260925-105625-norm-0084#1,1.351,2026-09-25 08:17
greg: ask to delivery,20260925-105625-norm-0084#2,1.351,2026-09-25 08:17
greg: ask to delivery,20260925-105625-norm-0084#3,1.351,2026-09-25 08:17
greg: ask to delivery,20260925-105625-norm-0084#4,1.351,2026-09-25 08:17
greg: ask to delivery,20260925-110758-norm-0086#1,1.003,2026-09-25 08:08
greg: ask to delivery,20260925-110758-norm-0086#2,1.003,2026-09-25 08:08
greg: ask to delivery,20260925-110758-norm-0086#3,1.003,2026-09-25 08:08
greg: ask to delivery,20260925-111801-norm-0087#1,1.156,2026-09-25 08:27
greg: ask to delivery,20260925-111801-norm-0087#2,1.156,2026-09-25 08:27
greg: ask to delivery,20260925-111801-norm-0087#3,1.156,2026-09-25 08:27
greg: ask to delivery,20260925-115010-norm-0096#1,0.735,2026-09-25 08:34
greg: ask to delivery,20260925-115458-norm-0097#1,0.964,2026-09-25 08:52
greg: ask to delivery,20260925-115458-norm-0097#2,0.964,2026-09-25 08:52
greg: ask to delivery,20260925-115458-norm-0097#3,0.964,2026-09-25 08:52
greg: ask to delivery,20260925-115458-norm-0097#4,0.964,2026-09-25 08:52
greg: ask to delivery,20260925-120406-norm-0098#1,0.950,2026-09-25 09:01
greg: ask to delivery,20260925-120406-norm-0098#2,0.950,2026-09-25 09:01
greg: ask to delivery,20260925-120406-norm-0098#3,0.950,2026-09-25 09:01
greg: ask to delivery,20260925-121150-norm-0103#1,1.012,2026-09-25 09:12
greg: ask to delivery,20260925-121150-norm-0103#2,1.012,2026-09-25 09:12
greg: ask to delivery,20260925-121150-norm-0103#3,1.012,2026-09-25 09:12
greg: ask to delivery,20260925-122416-norm-0104#1,1.197,2026-09-25 09:36
greg: ask to delivery,20260925-122416-norm-0104#2,1.197,2026-09-25 09:36
greg: ask to delivery,20260925-122416-norm-0104#3,1.197,2026-09-25 09:36
greg: ask to delivery,20260925-123342-norm-0105#1,1.149,2026-09-25 09:42
greg: ask to delivery,20260925-123342-norm-0105#2,1.149,2026-09-25 09:42
greg: ask to delivery,20260925-123941-norm-0107#1,1.202,2026-09-25 09:51
greg: ask to delivery,20260925-123953-norm-0108#1,1.409,2026-09-25 10:04
greg: ask to delivery,20260925-124014-norm-0109#1,1.221,2026-09-25 09:53
greg: ask to delivery,20260925-130222-norm-0110#1,1.212,2026-09-25 10:15
greg: ask to delivery,20260925-130222-norm-0110#2,1.212,2026-09-25 10:15
greg: ask to delivery,20260925-130222-norm-0110#3,1.212,2026-09-25 10:15
greg: ask to delivery,20260925-131125-norm-0111#1,1.193,2026-09-25 10:23
greg: ask to delivery,20260925-131125-norm-0111#2,1.193,2026-09-25 10:23
greg: ask to delivery,20260925-131125-norm-0111#3,1.193,2026-09-25 10:23
greg: ask to delivery,20260925-131728-norm-0112#1,0.601,2026-09-25 09:53
greg: ask to delivery,20260925-131728-norm-0112#2,0.601,2026-09-25 09:53
greg: ask to delivery,20260925-134318-norm-0116#1,0.352,2026-09-25 10:04
greg: ask to delivery,20260925-134318-norm-0116#2,0.352,2026-09-25 10:04
greg: ask to delivery,20260925-141157-norm-0121#1,0.377,2026-09-25 10:34
greg: ask to delivery,20260925-142344-norm-0122#1,0.321,2026-09-25 10:43
greg: ask to delivery,20260925-142344-norm-0122#2,0.321,2026-09-25 10:43
greg: ask to delivery,20260925-142344-norm-0122#3,0.321,2026-09-25 10:43
greg: ask to delivery,20260925-144915-norm-0127#1,0.336,2026-09-25 11:09
greg: ask to delivery,20260925-160516-norm-0131#1,0.641,2026-09-25 12:43
greg: ask to delivery,20260925-165551-norm-0133#1,0.262,2026-09-25 13:11
greg: ask to delivery,20260925-165551-norm-0133#2,0.262,2026-09-25 13:11
greg: ask to delivery,20260925-165551-norm-0133#3,0.262,2026-09-25 13:11
greg: ask to delivery,20260925-165551-norm-0133#4,0.262,2026-09-25 13:11
greg: ask to delivery,20260925-165551-norm-0133#5,0.262,2026-09-25 13:11
greg: ask to delivery,20260925-171803-norm-0136#1,0.177,2026-09-25 13:28
greg: ask to delivery,20260925-173201-norm-0138#1,0.360,2026-09-25 13:53
greg: ask to delivery,20260925-184404-norm-0141#1,0.228,2026-09-25 14:57
greg: ask to delivery,20260925-184405-norm-0142#1,1.011,2026-09-25 15:44
greg: ask to delivery,20260925-184406-norm-0143#1,1.145,2026-09-25 15:52
greg: ask to delivery,20260925-184407-norm-0144#1,1.391,2026-09-25 16:07
greg: ask to delivery,20260925-190535-norm-0145#1,1.532,2026-09-25 16:37
greg: ask to delivery,20260925-190535-norm-0145#2,1.532,2026-09-25 16:37
greg: ask to delivery,20260925-190535-norm-0145#3,1.532,2026-09-25 16:37
greg: ask to delivery,20260925-190535-norm-0145#4,1.532,2026-09-25 16:37
greg: ask to delivery,20260925-190535-norm-0145#5,1.532,2026-09-25 16:37
greg: ask to delivery,20260925-190535-norm-0145#6,1.532,2026-09-25 16:37
greg: ask to delivery,20260925-193428-norm-0148#1,0.171,2026-09-25 15:44
greg: ask to delivery,20260925-193429-norm-0149#1,0.305,2026-09-25 15:52
greg: ask to delivery,20260925-193429-norm-0150#1,0.552,2026-09-25 16:07
greg: ask to delivery,20260925-205356-norm-0156#1,0.470,2026-09-25 17:22
greg: ask to delivery,20260925-210447-norm-0158#1,0.289,2026-09-25 17:22
greg: ask to delivery,20260925-213343-norm-0161#1,4.198,2026-09-25 21:45
greg: ask to delivery,20260925-213344-norm-0162#1,13.277,2026-09-26 06:50
greg: ask to delivery,20260926-112911-norm-0167#1,0.176,2026-09-26 07:39
greg: ask to delivery,20260926-135832-norm-0169#1,0.212,2026-09-26 10:11
greg: ask to delivery,20260926-141024-norm-0171#1,0.330,2026-09-26 10:30
greg: ask to delivery,20260926-142306-norm-0172#1,0.882,2026-09-26 11:16
greg: ask to delivery,20260926-142306-norm-0172#2,0.882,2026-09-26 11:16
greg: ask to delivery,20260926-144301-norm-0174#1,0.938,2026-09-26 11:39
greg: ask to delivery,20260926-144301-norm-0174#2,0.938,2026-09-26 11:39
greg: ask to delivery,20260926-152325-norm-0177#1,0.362,2026-09-26 11:45
greg: ask to delivery,20260926-160305-norm-0180#1,0.330,2026-09-26 12:22
greg: ask to delivery,20260926-160306-norm-0181#1,0.595,2026-09-26 12:38
greg: ask to delivery,20260926-162322-norm-0182#1,0.429,2026-09-26 12:49
greg: ask to delivery,20260926-163643-norm-0183#1,0.290,2026-09-26 12:54
greg: ask to delivery,20260926-164533-norm-0184#1,0.342,2026-09-26 13:06
greg: ask to delivery,20260926-165930-norm-0185#1,0.519,2026-09-26 13:30
greg: ask to delivery,20260926-165930-norm-0185#2,0.564,2026-09-26 13:33
greg: ask to delivery,20260926-165930-norm-0185#3,0.519,2026-09-26 13:30
greg: ask to delivery,20260926-165930-norm-0185#4,0.519,2026-09-26 13:30
greg: ask to delivery,20260926-171744-norm-0188#1,0.312,2026-09-26 13:36
greg: ask to delivery,20260926-173329-norm-0190#1,0.125,2026-09-26 13:40
greg: ask to delivery,20260926-173329-norm-0190#2,0.125,2026-09-26 13:40
greg: ask to delivery,20260926-174252-norm-0192#1,0.202,2026-09-26 13:55
greg: ask to delivery,20260926-175336-norm-0193#1,0.106,2026-09-26 13:59
greg: ask to delivery,20260926-175344-norm-0194#1,0.162,2026-09-26 14:03
greg: ask to delivery,20260926-175344-norm-0194#2,0.162,2026-09-26 14:03
greg: ask to delivery,20260926-175344-norm-0194#3,0.162,2026-09-26 14:03
greg: ask to delivery,20260926-175344-norm-0194#4,0.162,2026-09-26 14:03
greg: ask to delivery,20260926-180255-norm-0196#1,0.042,2026-09-26 14:05
greg: ask to delivery,20260926-182141-norm-0199#1,0.900,2026-09-26 15:15
greg: ask to delivery,20260926-182142-norm-0200#1,1.589,2026-09-26 15:57
greg: ask to delivery,20260926-182244-norm-0201#1,2.611,2026-09-26 16:59
greg: ask to delivery,20260926-200848-norm-0205#1,1.139,2026-09-26 17:17
greg: ask to delivery,20260926-211248-norm-0208#1,0.245,2026-09-26 17:27
greg: ask to delivery,20260926-214210-norm-0214#1,0.608,2026-09-26 18:18
greg: ask to delivery,20260926-223841-norm-0218#1,0.536,2026-09-26 19:10
greg: ask to delivery,20260926-225632-norm-0219#1,0.239,2026-09-26 19:10
greg: ask to delivery,20260926-225632-norm-0219#2,0.239,2026-09-26 19:10
greg: ask to delivery,20260926-225632-norm-0219#3,0.239,2026-09-26 19:10
greg: ask to delivery,20260926-225632-norm-0219#4,0.239,2026-09-26 19:10
greg: ask to delivery,20260926-225632-norm-0219#5,0.239,2026-09-26 19:10
greg: ask to delivery,20260926-225754-norm-0220#1,0.824,2026-09-26 19:47
greg: ask to delivery,20260926-231356-norm-0221#1,1.078,2026-09-26 20:18
greg: ask to delivery,20260926-233124-norm-0222#1,0.547,2026-09-26 20:04
greg: ask to delivery,20260926-233124-norm-0222#2,0.547,2026-09-26 20:04
greg: ask to delivery,20260926-233124-norm-0222#3,0.547,2026-09-26 20:04
greg: ask to delivery,20260926-233124-norm-0222#4,0.547,2026-09-26 20:04
greg: ask to delivery,20260926-233306-norm-0223#1,0.237,2026-09-26 19:47
greg: ask to delivery,20260926-233306-norm-0223#2,0.237,2026-09-26 19:47
greg: ask to delivery,20260926-233306-norm-0223#3,0.237,2026-09-26 19:47
greg: ask to delivery,20260926-235232-norm-0224#1,0.502,2026-09-26 20:22
greg: ask to delivery,20260926-235232-norm-0224#2,0.502,2026-09-26 20:22
greg: ask to delivery,20260927-001124-norm-0227#1,0.406,2026-09-26 20:35
greg: ask to delivery,20260927-001233-norm-0228#1,0.728,2026-09-26 20:56
greg: ask to delivery,20260927-001512-norm-0230#1,0.879,2026-09-26 21:07
greg: ask to delivery,20260927-002240-norm-0231#1,1.070,2026-09-26 21:26
greg: ask to delivery,20260927-002956-norm-0232#1,14.047,2026-09-27 10:32
greg: ask to delivery,20260927-002956-norm-0232#2,14.047,2026-09-27 10:32
greg: ask to delivery,20260927-004641-norm-0235#1,1.110,2026-09-26 21:53
greg: ask to delivery,20260927-004641-norm-0235#2,1.110,2026-09-26 21:53
greg: ask to delivery,20260927-004641-norm-0235#3,1.110,2026-09-26 21:53
greg: ask to delivery,20260927-004641-norm-0235#4,1.110,2026-09-26 21:53
greg: ask to delivery,20260927-010634-norm-0237#1,9.327,2026-09-27 06:26
greg: ask to delivery,20260927-010634-norm-0237#2,9.327,2026-09-27 06:26
greg: ask to delivery,20260927-010634-norm-0237#3,9.327,2026-09-27 06:26
greg: ask to delivery,20260927-011328-norm-0239#1,9.212,2026-09-27 06:26
greg: ask to delivery,20260927-011428-norm-0240#1,9.241,2026-09-27 06:28
greg: ask to delivery,20260927-011428-norm-0240#2,9.241,2026-09-27 06:28
greg: ask to delivery,20260927-011428-norm-0240#3,9.241,2026-09-27 06:28
greg: ask to delivery,20260927-011428-norm-0240#4,9.241,2026-09-27 06:28
greg: ask to delivery,20260927-014137-norm-0242#1,11.291,2026-09-27 08:59
greg: ask to delivery,20260927-014137-norm-0242#2,11.291,2026-09-27 08:59
greg: ask to delivery,20260927-014137-norm-0242#3,11.291,2026-09-27 08:59
greg: ask to delivery,20260927-014137-norm-0242#4,11.291,2026-09-27 08:59
greg: ask to delivery,20260927-033739-norm-0247#1,11.303,2026-09-27 10:55
greg: ask to delivery,20260927-033740-norm-0248#1,11.567,2026-09-27 11:11
greg: ask to delivery,20260927-033741-norm-0249#1,7.474,2026-09-27 07:06
greg: ask to delivery,20260927-090945-norm-0253#1,1.532,2026-09-27 06:41
greg: ask to delivery,20260927-090945-norm-0253#2,1.532,2026-09-27 06:41
greg: ask to delivery,20260927-111647-norm-0263#1,0.688,2026-09-27 07:58
greg: ask to delivery,20260927-111650-norm-0264#1,0.876,2026-09-27 08:09
greg: ask to delivery,20260927-111653-norm-0265#1,1.704,2026-09-27 08:59
greg: ask to delivery,20260927-112918-norm-0269#1,2.522,2026-09-27 10:00
greg: ask to delivery,20260927-112918-norm-0269#2,2.522,2026-09-27 10:00
greg: ask to delivery,20260927-113717-norm-0270#1,1.792,2026-09-27 09:24
greg: ask to delivery,20260927-113718-norm-0271#1,1.958,2026-09-27 09:34
greg: ask to delivery,20260927-113719-norm-0272#1,2.135,2026-09-27 09:45
greg: ask to delivery,20260927-114805-norm-0273#1,1.259,2026-09-27 09:03
greg: ask to delivery,20260927-120919-norm-0278#1,0.244,2026-09-27 08:23
greg: ask to delivery,20260927-122221-norm-0280#1,0.219,2026-09-27 08:35
greg: ask to delivery,20260927-131305-norm-0288#1,2.149,2026-09-27 11:22
greg: ask to delivery,20260927-131311-norm-0289#1,2.921,2026-09-27 12:08
greg: ask to delivery,20260927-131515-norm-0290#1,3.177,2026-09-27 12:25
greg: ask to delivery,20260927-132242-norm-0291#1,3.274,2026-09-27 12:39
greg: ask to delivery,20260927-140025-norm-0294#1,2.793,2026-09-27 12:47
greg: ask to delivery,20260927-152115-norm-0302#1,1.567,2026-09-27 12:55
greg: ask to delivery,20260927-154520-norm-0303#1,1.367,2026-09-27 13:07
greg: ask to delivery,20260927-154526-norm-0304#1,1.553,2026-09-27 13:18
greg: ask to delivery,20260927-155258-norm-0305#1,1.629,2026-09-27 13:30
greg: ask to delivery,20260927-155258-norm-0305#2,1.629,2026-09-27 13:30
greg: ask to delivery,20260927-155258-norm-0305#3,1.629,2026-09-27 13:30
greg: ask to delivery,20260927-162000-norm-0306#1,1.325,2026-09-27 13:39
greg: ask to delivery,20260927-164309-norm-0307#1,1.271,2026-09-27 13:59
greg: ask to delivery,20260927-175054-norm-0316#1,0.498,2026-09-27 14:20
greg: ask to delivery,20260927-181218-norm-0318#1,0.386,2026-09-27 14:35
greg: ask to delivery,20260927-181219-norm-0319#1,0.568,2026-09-27 14:46
greg: ask to delivery,20260927-181227-norm-0320#1,0.852,2026-09-27 15:03
greg: ask to delivery,20260927-181848-norm-0321#1,1.294,2026-09-27 15:36
greg: ask to delivery,20260927-193844-norm-0325#1,0.364,2026-09-27 16:00
greg: ask to delivery,20260927-194331-norm-0326#1,0.470,2026-09-27 16:11
greg: ask to delivery,20260927-195034-norm-0328#1,0.588,2026-09-27 16:25
greg: ask to delivery,20260927-195035-norm-0329#1,0.677,2026-09-27 16:31
greg: ask to delivery,20260927-201146-norm-0330#1,0.700,2026-09-27 16:53
greg: ask to delivery,20260927-203824-norm-0332#1,0.608,2026-09-27 17:14
greg: ask to delivery,20260927-205607-norm-0334#1,0.898,2026-09-27 17:49
greg: ask to delivery,20260927-205924-norm-0335#1,0.946,2026-09-27 17:56
greg: ask to delivery,20260927-211741-norm-0337#1,0.759,2026-09-27 18:03
greg: ask to delivery,20260927-211758-norm-0338#1,1.032,2026-09-27 18:19
greg: ask to delivery,20260927-212304-norm-0341#1,1.018,2026-09-27 18:24
greg: ask to delivery,20260927-212734-norm-0342#1,1.211,2026-09-27 18:40
greg: ask to delivery,20260927-212734-norm-0342#2,1.211,2026-09-27 18:40
greg: ask to delivery,20260927-212734-norm-0342#3,1.211,2026-09-27 18:40
greg: ask to delivery,20260927-215259-norm-0343#1,0.930,2026-09-27 18:48
greg: ask to delivery,20260927-215305-norm-0344#1,1.063,2026-09-27 18:56
greg: ask to delivery,20260927-215808-norm-0345#1,1.276,2026-09-27 19:14
greg: ask to delivery,20260927-221613-norm-0346#1,1.205,2026-09-27 19:28
greg: ask to delivery,20260927-221724-norm-0347#1,1.388,2026-09-27 19:40
greg: ask to delivery,20260927-221724-norm-0347#2,1.388,2026-09-27 19:40
greg: ask to delivery,20260927-221724-norm-0347#3,1.388,2026-09-27 19:40
greg: ask to delivery,20260927-222241-norm-0348#1,1.438,2026-09-27 19:48
greg: ask to delivery,20260927-233632-norm-0350#1,0.323,2026-09-27 19:55
greg: ask to delivery,20260927-234435-norm-0352#1,0.386,2026-09-27 20:07
greg: ask to delivery,20260927-234435-norm-0352#2,0.386,2026-09-27 20:07
greg: ask to delivery,20260927-234435-norm-0352#3,0.386,2026-09-27 20:07
greg: ask to delivery,20260928-001242-norm-0358#1,0.203,2026-09-27 20:24
greg: ask to delivery,20260928-002145-norm-0361#1,0.362,2026-09-27 20:43
greg: ask to delivery,20260928-002145-norm-0361#2,0.362,2026-09-27 20:43
greg: ask to delivery,20260928-002208-norm-0362#1,0.693,2026-09-27 21:03
greg: ask to delivery,20260928-002208-norm-0362#2,0.693,2026-09-27 21:03
greg: ask to delivery,20260928-002208-norm-0362#3,0.693,2026-09-27 21:03
greg: ask to delivery,20260928-002208-norm-0362#4,0.693,2026-09-27 21:03
greg: ask to delivery,20260928-013808-norm-0364#1,0.368,2026-09-27 22:00
greg: ask to delivery,20260928-013808-norm-0364#2,0.368,2026-09-27 22:00
greg: ask to delivery,20260928-014612-norm-0365#1,0.611,2026-09-27 22:22
greg: ask to delivery,20260928-014612-norm-0365#2,0.611,2026-09-27 22:22
greg: ask to delivery,20260928-014612-norm-0365#3,0.611,2026-09-27 22:22
greg: ask to delivery,20260928-021847-norm-0367#1,0.264,2026-09-27 22:34
greg: ask to delivery,20260928-030247-norm-0370#1,0.281,2026-09-27 23:19
greg: ask to delivery,20260928-030253-norm-0371#1,0.481,2026-09-27 23:31
greg: ask to delivery,20260928-032937-norm-0372#1,0.148,2026-09-27 23:38
greg: ask to delivery,20260928-033423-norm-0377#1,0.376,2026-09-27 23:56
greg: ask to delivery,20260928-035747-norm-0381#1,0.492,2026-09-28 00:27
greg: ask to delivery,20260928-041734-norm-0384#1,0.351,2026-09-28 00:38
greg: ask to delivery,20260928-044727-norm-0385#1,0.398,2026-09-28 01:11
greg: ask to delivery,20260928-050008-norm-0386#1,0.313,2026-09-28 01:18
greg: ask to delivery,20260928-051147-norm-0387#1,0.336,2026-09-28 01:31
greg: ask to delivery,20260928-051147-norm-0387#2,0.336,2026-09-28 01:31
greg: ask to delivery,20260928-054347-norm-0389#1,0.469,2026-09-28 02:11
greg: ask to delivery,20260928-064401-norm-0395#1,0.136,2026-09-28 02:52
greg: ask to delivery,20260928-064404-norm-0396#1,0.228,2026-09-28 02:57
greg: ask to delivery,20260928-070359-norm-0399#1,0.206,2026-09-28 03:16
greg: ask to delivery,20260928-072622-norm-0402#1,0.173,2026-09-28 03:36
greg: ask to delivery,20260928-075636-norm-0404#1,0.174,2026-09-28 04:07
greg: ask to delivery,20260928-075729-norm-0405#1,0.266,2026-09-28 04:13
greg: ask to delivery,20260928-083838-norm-0407#1,0.229,2026-09-28 04:52
greg: ask to delivery,20260928-084116-norm-0408#1,0.321,2026-09-28 05:00
greg: ask to delivery,20260928-084119-norm-0409#1,0.607,2026-09-28 05:17
greg: ask to delivery,20260928-103156-norm-0413#1,0.435,2026-09-28 06:58
greg: ask to delivery,20260928-103156-norm-0413#2,0.435,2026-09-28 06:58
greg: ask to delivery,20260928-103156-norm-0413#3,0.435,2026-09-28 06:58
greg: ask to delivery,20260928-103217-norm-0414#1,0.541,2026-09-28 07:04
greg: ask to delivery,20260928-104934-norm-0415#1,0.419,2026-09-28 07:14
greg: ask to delivery,20260928-110900-norm-0418#1,0.177,2026-09-28 07:19
greg: ask to delivery,20260928-113353-norm-0422#1,0.212,2026-09-28 07:46
greg: ask to delivery,20260928-114300-norm-0423#1,0.166,2026-09-28 07:52
greg: ask to delivery,20260928-121814-norm-0426#1,0.270,2026-09-28 08:34
greg: ask to delivery,20260928-121814-norm-0426#2,0.270,2026-09-28 08:34
greg: ask to delivery,20260928-121814-norm-0426#3,0.270,2026-09-28 08:34
greg: ask to delivery,20260928-204533-norm-0432#1,0.085,2026-09-28 16:50
greg: ask to delivery,20260928-205534-norm-0435#1,0.140,2026-09-28 17:03
greg: ask to delivery,20260928-205534-norm-0435#2,0.140,2026-09-28 17:03
greg: ask to delivery,20260928-205540-norm-0436#1,0.138,2026-09-28 17:03
greg: ask to delivery,20260928-205540-norm-0436#2,0.138,2026-09-28 17:03
greg: ask to delivery,20260928-205540-norm-0436#3,0.138,2026-09-28 17:03
greg: ask to delivery,20260928-205540-norm-0436#4,0.138,2026-09-28 17:03
greg: ask to delivery,20260928-205540-norm-0436#5,0.138,2026-09-28 17:03
greg: ask to delivery,20260928-213006-norm-0440#1,0.273,2026-09-28 17:46
greg: ask to delivery,20260928-224221-norm-0443#1,0.181,2026-09-28 18:53
greg: ask to delivery,20260928-231410-norm-0445#1,0.143,2026-09-28 19:22
greg: ask to delivery,20260928-231410-norm-0445#2,0.143,2026-09-28 19:22
greg: ask to delivery,20260928-233010-norm-0447#1,0.184,2026-09-28 19:41
greg: ask to delivery,20260928-233014-norm-0448#1,0.295,2026-09-28 19:47
greg: ask to delivery,20260929-005005-norm-0452#1,0.097,2026-09-28 20:55
greg: ask to delivery,20260929-013339-norm-0454#1,0.186,2026-09-28 21:44
greg: ask to delivery,20260929-015154-norm-0456#1,0.346,2026-09-28 22:12
greg: ask to delivery,20260929-031125-norm-0459#1,0.269,2026-09-28 23:27
greg: ask to delivery,20260929-031129-norm-0460#1,0.404,2026-09-28 23:35
greg: ask to delivery,20260929-041720-norm-0464#1,0.494,2026-09-29 00:47
greg: ask to delivery,20260929-041721-norm-0465#1,0.968,2026-09-29 01:15
greg: ask to delivery,20260929-043515-norm-0466#1,0.830,2026-09-29 01:25
greg: ask to delivery,20260929-045248-norm-0468#1,0.597,2026-09-29 01:28
greg: ask to delivery,20260929-050219-norm-0469#1,0.591,2026-09-29 01:37
greg: ask to delivery,20260929-050219-norm-0469#2,0.591,2026-09-29 01:37
greg: ask to delivery,20260929-050219-norm-0469#3,0.591,2026-09-29 01:37
greg: ask to delivery,20260929-050231-norm-0470#1,0.698,2026-09-29 01:44
greg: ask to delivery,20260929-050231-norm-0470#2,0.698,2026-09-29 01:44
greg: ask to delivery,20260929-050231-norm-0470#3,0.698,2026-09-29 01:44
greg: ask to delivery,20260929-050231-norm-0470#4,0.698,2026-09-29 01:44
greg: ask to delivery,20260929-052111-norm-0474#1,0.496,2026-09-29 01:50
greg: ask to delivery,20260929-052119-norm-0475#1,0.533,2026-09-29 01:53
greg: ask to delivery,20260929-061939-norm-0485#1,0.179,2026-09-29 02:30
greg: ask to delivery,20260929-061940-norm-0486#1,0.284,2026-09-29 02:36
greg: ask to delivery,20260929-061944-norm-0487#1,0.366,2026-09-29 02:41
greg: ask to delivery,20260929-063644-norm-0490#1,0.192,2026-09-29 02:48
greg: ask to delivery,20260929-084319-norm-0498#1,0.226,2026-09-29 04:56
greg: ask to delivery,20260929-121824-norm-0505#1,0.157,2026-09-29 08:27
greg: ask to delivery,20260929-131850-norm-0510#1,0.386,2026-09-29 09:42
greg: ask to delivery,20260929-135324-norm-0514#1,0.361,2026-09-29 10:15
greg: ask to delivery,20260929-143856-norm-0517#1,0.271,2026-09-29 10:55
greg: ask to delivery,20260929-183010-norm-0541#1,0.307,2026-09-29 14:48
greg: ask to delivery,20260929-183944-norm-0543#1,0.217,2026-09-29 14:52
greg: ask to delivery,20260929-185103-norm-0550#1,0.171,2026-09-29 15:01
greg: ask to delivery,20260929-195400-norm-0559#1,0.225,2026-09-29 16:07
greg: ask to delivery,20260930-104739-norm-0578#1,0.492,2026-09-30 07:17
greg: ask to delivery,20260930-104748-norm-0579#1,0.489,2026-09-30 07:17
greg: ask to delivery,20260930-104749-norm-0580#1,0.489,2026-09-30 07:17
greg: ask to delivery,20260930-133833-norm-0595#1,0.369,2026-09-30 10:00
greg: ask to delivery,20260930-205852-norm-0601#1,0.270,2026-09-30 17:15
greg: ask to delivery,20260930-222748-norm-0604#1,0.224,2026-09-30 18:41
greg: ask to delivery,20260930-222800-norm-0605#1,0.242,2026-09-30 18:42
greg: ask to delivery,20261001-162530-norm-0616#1,0.074,2026-10-01 12:29
greg: ask to delivery,20261001-164427-norm-0618#1,0.116,2026-10-01 12:51
greg: ask to delivery,20261001-170904-norm-0621#1,0.076,2026-10-01 13:13
greg: ask to delivery,20261001-172225-norm-0623#1,0.287,2026-10-01 13:39
greg: ask to delivery,20261001-175251-norm-0626#1,0.251,2026-10-01 14:07
greg: ask to delivery,20261001-185038-norm-0630#1,0.176,2026-10-01 15:01
greg: ask to delivery,20261001-192603-norm-0634#1,0.342,2026-10-01 15:46
greg: ask to delivery,20261001-200216-norm-0636#1,0.342,2026-10-01 16:22
greg: ask to delivery,20261001-200216-norm-0636#2,0.342,2026-10-01 16:22
greg: ask to delivery,20261001-200216-norm-0636#3,0.342,2026-10-01 16:22
greg: ask to delivery,20261001-204317-norm-0639#1,0.187,2026-10-01 16:54
greg: ask to delivery,20261001-213758-norm-0643#1,0.254,2026-10-01 17:53
greg: ask to delivery,20261001-224207-norm-0648#1,0.129,2026-10-01 18:49
greg: ask to delivery,20261001-224225-norm-0649#1,0.128,2026-10-01 18:50
greg: ask to delivery,20261001-225527-norm-0653#1,0.301,2026-10-01 19:13
greg: ask to delivery,20261001-225534-norm-0654#1,0.306,2026-10-01 19:13
greg: ask to delivery,20261001-232542-norm-0659#1,0.253,2026-10-01 19:40
greg: ask to delivery,20261001-232547-norm-0660#1,0.251,2026-10-01 19:40
greg: ask to delivery,20261001-235450-norm-0663#1,0.130,2026-10-01 20:02
greg: ask to delivery,20261001-235457-norm-0664#1,0.128,2026-10-01 20:02
greg: ask to delivery,20261002-105913-norm-0672#1,0.223,2026-10-02 07:12
greg: ask to delivery,20261002-120004-norm-0682#1,0.216,2026-10-02 08:13
greg: ask to delivery,20261002-122725-norm-0684#1,0.199,2026-10-02 08:39
greg: ask to delivery,20261002-124306-norm-0685#1,0.352,2026-10-02 09:04
greg: ask to delivery,20261002-130107-norm-0687#1,0.524,2026-10-02 09:32
greg: ask to delivery,20261002-131933-norm-0691#1,0.944,2026-10-02 10:16
greg: ask to delivery,20261002-131942-norm-0692#1,1.543,2026-10-02 10:52
greg: ask to delivery,20261002-131943-norm-0693#1,1.793,2026-10-02 11:07
greg: ask to delivery,20261002-134718-norm-0697#1,1.779,2026-10-02 11:34
greg: ask to delivery,20261002-140140-norm-0699#1,3.510,2026-10-02 13:32
greg: ask to delivery,20261002-140142-norm-0700#1,3.841,2026-10-02 13:52
greg: ask to delivery,20261002-140143-norm-0701#1,4.215,2026-10-02 14:14
greg: ask to delivery,20261002-151937-norm-0714#1,2.917,2026-10-02 14:14
greg: ask to delivery,20261002-152028-norm-0715#1,6.496,2026-10-02 17:50
greg: ask to delivery,20261002-154221-norm-0717#1,0.373,2026-10-02 12:04
greg: ask to delivery,20261002-163532-norm-0722#1,2.627,2026-10-02 15:13
greg: ask to delivery,20261002-183312-norm-0742#1,1.334,2026-10-02 15:53
greg: ask to delivery,20261002-183317-norm-0743#1,1.564,2026-10-02 16:07
greg: ask to delivery,20261002-190353-norm-0749#1,2.855,2026-10-02 17:55
greg: ask to delivery,20261002-223651-norm-0765#1,0.653,2026-10-02 19:16
greg: ask to delivery,20261002-223652-norm-0766#1,0.653,2026-10-02 19:16
greg: ask to delivery,20261002-223703-norm-0767#1,0.711,2026-10-02 19:19
greg: ask to delivery,20261002-232709-norm-0776#1,0.276,2026-10-02 19:43
greg: ask to delivery,20261002-234425-norm-0781#1,0.093,2026-10-02 19:49
greg: ask to delivery,20261002-234431-norm-0782#1,0.176,2026-10-02 19:55
greg: ask to delivery,20261002-234437-norm-0783#1,0.400,2026-10-02 20:08
greg: ask to delivery,20261002-235627-norm-0788#1,1.166,2026-10-02 21:06
greg: ask to delivery,20261002-235629-norm-0789#1,0.572,2026-10-02 20:30
greg: ask to delivery,20261002-235630-norm-0790#1,10.615,2026-10-03 06:33
greg: ask to delivery,20261003-103637-norm-0832#1,0.164,2026-10-03 06:46
greg: ask to delivery,20261003-103949-norm-0833#1,0.262,2026-10-03 06:55
greg: ask to delivery,20261003-110101-norm-0845#1,0.282,2026-10-03 07:17
greg: ask to delivery,20261003-152213-norm-0885#1,0.260,2026-10-03 11:37
greg: ask to delivery,20261003-224656-norm-0889#1,0.483,2026-10-03 19:15
greg: ask to delivery,20261003-232249-norm-0895#1,0.179,2026-10-03 19:33
greg: ask to delivery,20261003-234130-norm-0898#1,0.123,2026-10-03 19:48
greg: ask to delivery,20261004-095240-norm-0903#1,0.539,2026-10-04 06:25
greg: ask to delivery,20261004-101226-norm-0908#1,0.061,2026-10-04 06:16
greg: ask to delivery,20261004-120342-norm-0925#1,0.043,2026-10-04 08:06
greg: ask to delivery,20261004-120911-norm-0927#1,0.624,2026-10-04 08:46
greg: ask to delivery,20261004-123910-norm-0930#1,0.227,2026-10-04 08:52
greg: ask to delivery,20261004-124610-norm-0932#1,0.025,2026-10-04 08:47
greg: ask to delivery,20261004-125130-norm-0935#1,0.393,2026-10-04 09:15
greg: ask to delivery,20261004-125615-norm-0937#1,0.239,2026-10-04 09:10
greg: ask to delivery,20261004-131341-norm-0940#1,0.574,2026-10-04 09:48
greg: ask to delivery,20261004-131445-norm-0941#1,0.745,2026-10-04 09:59
greg: ask to delivery,20261004-132527-norm-0944#1,0.622,2026-10-04 10:02
greg: ask to delivery,20261004-132528-norm-0945#1,0.810,2026-10-04 10:14
greg: ask to delivery,20261004-141100-norm-0958#1,0.228,2026-10-04 10:24
greg: ask to delivery,20261004-141133-norm-0959#1,0.286,2026-10-04 10:28
greg: ask to delivery,20261004-141720-norm-0963#1,0.271,2026-10-04 10:33
greg: ask to delivery,20261004-141721-norm-0964#1,0.340,2026-10-04 10:37
greg: ask to delivery,20261004-154647-norm-0976#1,0.223,2026-10-04 12:00
greg: ask to delivery,20261004-160506-norm-0977#1,0.144,2026-10-04 12:13
greg: ask to delivery,20261004-174628-norm-0982#1,0.111,2026-10-04 13:53
greg: ask to delivery,20261004-174637-norm-0983#1,0.156,2026-10-04 13:55
greg: ask to delivery,20261004-181403-norm-0992#1,0.324,2026-10-04 14:33
greg: ask to delivery,20261004-183653-norm-0996#1,0.113,2026-10-04 14:43
greg: ask to delivery,20261004-200703-norm-1000#1,0.673,2026-10-04 16:47
greg: ask to delivery,20261004-205159-norm-1010#1,0.369,2026-10-04 17:14
greg: ask to delivery,20261004-205249-norm-1011#1,0.392,2026-10-04 17:16
greg: ask to delivery,20261004-211819-norm-1019#1,0.531,2026-10-04 17:50
greg: ask to delivery,20261004-221721-norm-1025#1,0.177,2026-10-04 18:28
greg: ask to delivery,20261004-234323-norm-1042#1,0.436,2026-10-04 20:09
greg: ask to delivery,20261005-004209-norm-1051#1,0.403,2026-10-04 21:06
greg: ask to delivery,20261005-011748-norm-1057#1,0.092,2026-10-04 21:23
greg: ask to delivery,20261005-013045-norm-1060#1,0.186,2026-10-04 21:41
greg: ask to delivery,20261005-013302-norm-1061#1,0.202,2026-10-04 21:45
greg: ask to delivery,20261005-014839-norm-1064#1,0.118,2026-10-04 21:55
greg: ask to delivery,20261005-014841-norm-1065#1,0.127,2026-10-04 21:56
greg: ask to delivery,20261005-015927-norm-1068#1,0.301,2026-10-04 22:17
greg: ask to delivery,20261005-020118-norm-1069#1,0.270,2026-10-04 22:17
greg: ask to delivery,20261005-024438-norm-1073#1,0.106,2026-10-04 22:51
greg: ask to delivery,20261005-024438-norm-1073#2,0.142,2026-10-04 22:53
greg: ask to delivery,20261005-024438-norm-1073#3,0.268,2026-10-04 23:00
greg: ask to delivery,20261005-024438-norm-1073#4,0.333,2026-10-04 23:04
greg: ask to delivery,20261005-024439-norm-1074#1,0.481,2026-10-04 23:13
greg: ask to delivery,20261005-033209-norm-1081#1,0.130,2026-10-04 23:39
greg: ask to delivery,20261005-034152-norm-1083#1,0.133,2026-10-04 23:49
greg: ask to delivery,20261005-035257-norm-1086#1,0.157,2026-10-05 00:02
greg: ask to delivery,20261005-035313-norm-1088#1,0.158,2026-10-05 00:02
greg: ask to delivery,20261005-040321-norm-1089#1,0.094,2026-10-05 00:08
greg: ask to delivery,20261005-040953-norm-1092#1,0.141,2026-10-05 00:18
greg: ask to delivery,20261005-041722-norm-1093#1,0.083,2026-10-05 00:22
greg: ask to delivery,20261005-043856-norm-1096#1,0.235,2026-10-05 00:53
greg: ask to delivery,20261005-050857-norm-1099#1,0.196,2026-10-05 01:20
greg: ask to delivery,20261005-052206-norm-1101#1,0.610,2026-10-05 01:58
greg: ask to delivery,20261005-052212-norm-1102#1,0.609,2026-10-05 01:58
greg: ask to delivery,20261005-055927-norm-1105#1,0.155,2026-10-05 02:08
greg: ask to delivery,20261005-062458-norm-1107#1,0.240,2026-10-05 02:39
greg: ask to delivery,20261005-104020-norm-1111#1,0.182,2026-10-05 06:51
greg: ask to delivery,20261005-105314-norm-1113#1,0.248,2026-10-05 07:08
greg: ask to delivery,20261005-105321-norm-1114#1,0.246,2026-10-05 07:08
greg: ask to delivery,20261005-110920-norm-1117#1,0.212,2026-10-05 07:22
greg: ask to delivery,20261005-113727-norm-1119#1,0.211,2026-10-05 07:50
greg: ask to delivery,20261005-122658-norm-1124#1,0.165,2026-10-05 08:36
greg: ask to delivery,20261005-124030-norm-1126#1,0.177,2026-10-05 08:51
greg: ask to delivery,20261005-124248-norm-1127#1,0.302,2026-10-05 09:00
greg: ask to delivery,20261005-124254-norm-1128#1,0.310,2026-10-05 09:01
greg: ask to delivery,20261005-130417-norm-1131#1,0.228,2026-10-05 09:17
greg: ask to delivery,20261005-135841-norm-1134#1,0.166,2026-10-05 10:08
greg: ask to delivery,20261005-135933-norm-1135#1,0.219,2026-10-05 10:12
greg: ask to delivery,20261005-141435-norm-1138#1,0.263,2026-10-05 10:30
greg: ask to delivery,20261005-141734-norm-1140#1,0.366,2026-10-05 10:39
greg: ask to delivery,20261005-141735-norm-1141#1,0.540,2026-10-05 10:49
greg: ask to delivery,20261005-142800-norm-1142#1,0.571,2026-10-05 11:02
greg: ask to delivery,20261005-143429-norm-1144#1,1.135,2026-10-05 11:42
greg: ask to delivery,20261005-143430-norm-1145#1,1.254,2026-10-05 11:49
greg: ask to delivery,20261005-145401-norm-1148#1,1.145,2026-10-05 12:02
greg: ask to delivery,20261005-153752-norm-1151#1,0.669,2026-10-05 12:17
greg: ask to delivery,20261005-155134-norm-1155#1,0.567,2026-10-05 12:25
greg: ask to delivery,20261005-164533-norm-1159#1,0.225,2026-10-05 12:59
greg: ask to delivery,20261005-164727-norm-1160#1,0.321,2026-10-05 13:06
greg: ask to delivery,20261005-171409-norm-1163#1,0.161,2026-10-05 13:23
greg: ask to delivery,20261005-171410-norm-1164#1,0.242,2026-10-05 13:28
greg: ask to delivery,20261005-172554-norm-1165#1,0.145,2026-10-05 13:34
greg: ask to delivery,20261005-173049-norm-1167#1,0.281,2026-10-05 13:47
greg: ask to delivery,20261005-173052-norm-1168#1,0.384,2026-10-05 13:53
greg: ask to delivery,20261005-174557-norm-1170#1,0.207,2026-10-05 13:58
greg: ask to delivery,20261005-180431-norm-1175#1,0.331,2026-10-05 14:24
greg: ask to delivery,20261005-180432-norm-1176#1,0.472,2026-10-05 14:32
greg: ask to delivery,20261005-182632-norm-1177#1,0.217,2026-10-05 14:39
greg: ask to delivery,20261005-182739-norm-1178#1,0.262,2026-10-05 14:43
greg: ask to delivery,20261005-184537-norm-1184#1,0.367,2026-10-05 15:07
greg: ask to delivery,20261005-191224-norm-1187#1,0.333,2026-10-05 15:32
greg: ask to delivery,20261005-191227-norm-1188#1,0.400,2026-10-05 15:36
greg: ask to delivery,20261005-194519-norm-1191#1,15.987,2026-10-06 07:44
greg: ask to delivery,20261005-201053-norm-1193#1,0.223,2026-10-05 16:24
greg: ask to delivery,20261006-123055-norm-1197#1,0.326,2026-10-06 08:50
greg: ask to delivery,20261006-123058-norm-1198#1,0.544,2026-10-06 09:03
greg: ask to delivery,20261006-123101-norm-1199#1,0.670,2026-10-06 09:11
greg: ask to delivery,20261006-123104-norm-1200#1,0.906,2026-10-06 09:25
greg: ask to delivery,20261006-132949-norm-1207#1,0.334,2026-10-06 09:49
greg: ask to delivery,20261006-132952-norm-1208#1,0.683,2026-10-06 10:10
greg: ask to delivery,20261006-141217-norm-1212#1,0.236,2026-10-06 10:26
greg: ask to delivery,20261006-154816-norm-1218#1,0.234,2026-10-06 12:02
greg: ask to delivery,20261006-171115-norm-1225#1,0.230,2026-10-06 13:25
greg: ask to delivery,20261006-222938-norm-1227#1,0.136,2026-10-06 18:37
greg: ask to delivery,20261006-222939-norm-1228#1,0.261,2026-10-06 18:45
greg: ask to delivery,20261006-222940-norm-1229#1,0.512,2026-10-06 19:00
greg: ask to delivery,20261006-222941-norm-1230#1,0.612,2026-10-06 19:06
greg: ask to delivery,20261006-222942-norm-1231#1,0.821,2026-10-06 19:18
greg: ask to delivery,20261006-222943-norm-1232#1,0.964,2026-10-06 19:27
greg: ask to delivery,20261006-223851-norm-1234#1,0.962,2026-10-06 19:36
greg: ask to delivery,20261006-224627-norm-1235#1,1.011,2026-10-06 19:47
greg: ask to delivery,20261006-225653-norm-1236#1,0.978,2026-10-06 19:55
greg: ask to delivery,20261006-232341-norm-1240#1,0.731,2026-10-06 20:07
greg: ask to delivery,20261006-233627-norm-1242#1,0.735,2026-10-06 20:20
greg: ask to delivery,20261006-234649-norm-1244#1,0.650,2026-10-06 20:25
greg: ask to delivery,20261007-003453-norm-1251#1,0.100,2026-10-06 20:40
greg: ask to delivery,20261007-021539-norm-1255#1,7.139,2026-10-07 05:23
greg: ask to delivery,20261007-103115-norm-1258#1,0.265,2026-10-07 06:47
greg: ask to delivery,20261007-105246-norm-1260#1,0.283,2026-10-07 07:09
greg: ask to delivery,20261007-111519-norm-1264#1,0.115,2026-10-07 07:22
greg: ask to delivery,20261007-121041-norm-1269#1,0.094,2026-10-07 08:16
greg: ask to delivery,20261008-112006-norm-1273#1,0.179,2026-10-08 07:30
greg: ask to delivery,20261008-112009-norm-1274#1,0.201,2026-10-08 07:32
greg: ask to delivery,20261008-121654-norm-1277#1,0.084,2026-10-08 08:21
greg: ask to delivery,20261008-121657-norm-1278#1,0.113,2026-10-08 08:23
greg: ask to delivery,20261008-133442-norm-1283#1,0.142,2026-10-08 09:43
greg: ask to delivery,20261008-140355-norm-1285#1,0.253,2026-10-08 10:19
greg: ask to delivery,20261008-160531-norm-1291#1,0.121,2026-10-08 12:12
greg: ask to delivery,20261008-164343-norm-1294#1,0.141,2026-10-08 12:52
greg: ask to delivery,20261008-174633-norm-1305#1,0.183,2026-10-08 13:57
greg: ask to delivery,20261008-174634-norm-1306#1,0.334,2026-10-08 14:06
greg: ask to delivery,20261008-174636-norm-1307#1,0.529,2026-10-08 14:18
greg: ask to delivery,20261008-174637-norm-1308#1,0.606,2026-10-08 14:22
greg: ask to delivery,20261008-182103-norm-1317#1,0.264,2026-10-08 14:36
greg: ask to delivery,20261008-182104-norm-1318#1,0.422,2026-10-08 14:46
greg: ask to delivery,20261008-185046-norm-1322#1,0.097,2026-10-08 14:56
greg: ask to delivery,20261008-185622-norm-1323#1,0.215,2026-10-08 15:09
greg: ask to delivery,20261008-185625-norm-1324#1,0.400,2026-10-08 15:20
greg: ask to delivery,20261008-185626-norm-1325#1,0.606,2026-10-08 15:32
greg: ask to delivery,20261008-185628-norm-1326#1,0.715,2026-10-08 15:39
greg: ask to delivery,20261009-090428-norm-1333#1,0.129,2026-10-09 05:12
greg: ask to delivery,20261009-090431-norm-1334#1,0.190,2026-10-09 05:15
greg: ask to delivery,20261009-092239-norm-1337#1,0.172,2026-10-09 05:32
greg: ask to delivery,20261009-092241-norm-1338#1,0.218,2026-10-09 05:35
greg: ask to delivery,20261009-094452-norm-1341#1,0.094,2026-10-09 05:50
greg: ask to delivery,20261009-095350-norm-1343#1,0.122,2026-10-09 06:01
greg: ask to delivery,20261009-104156-norm-1345#1,0.166,2026-10-09 06:51
greg: ask to delivery,20261009-105521-norm-1347#1,0.477,2026-10-09 07:23
greg: ask to delivery,20261009-105521-norm-1347#2,0.477,2026-10-09 07:23
greg: ask to delivery,20261009-105521-norm-1347#3,0.477,2026-10-09 07:23
greg: ask to delivery,20261009-105524-norm-1348#1,0.575,2026-10-09 07:29
greg: ask to delivery,20261009-105524-norm-1348#2,0.575,2026-10-09 07:29
greg: ask to delivery,20261009-105524-norm-1348#3,0.575,2026-10-09 07:29
greg: ask to delivery,20261009-105526-norm-1349#1,0.725,2026-10-09 07:38
greg: ask to delivery,20261009-105957-norm-1350#1,0.936,2026-10-09 07:56
greg: ask to delivery,20261009-110422-norm-1351#1,0.171,2026-10-09 07:14
greg: ask to delivery,20261009-112935-norm-1355#1,0.537,2026-10-09 08:01
greg: ask to delivery,20261009-121729-norm-1360#1,0.104,2026-10-09 08:23
greg: ask to delivery,20261009-121731-norm-1361#1,0.265,2026-10-09 08:33
greg: ask to delivery,20261009-121732-norm-1362#1,0.487,2026-10-09 08:46
greg: ask to delivery,20261009-133241-norm-1367#1,0.136,2026-10-09 09:40
greg: ask to delivery,20261009-135113-norm-1369#1,0.189,2026-10-09 10:02
greg: ask to delivery,20261009-135114-norm-1370#1,0.328,2026-10-09 10:10
greg: ask to delivery,20261009-143825-norm-1377#1,0.249,2026-10-09 10:53
greg: ask to delivery,20261009-143826-norm-1378#1,0.351,2026-10-09 10:59
greg: ask to delivery,20261009-150233-norm-1381#1,0.099,2026-10-09 11:08
greg: ask to delivery,20261009-151048-norm-1383#1,0.527,2026-10-09 11:42
greg: ask to delivery,20261009-151049-norm-1384#1,0.322,2026-10-09 11:30
greg: ask to delivery,20261009-153612-norm-1387#1,0.197,2026-10-09 11:48
