ask,implicit,from,to,kind,room,opened_eastern,closed_eastern,hours,complexity,complexity_retrospective
20260925-003439-norm-0001#1,0,norm,greg,request,,2026-09-24 20:34,2026-09-24 20:40,0.100,3,true
20260925-003458-norm-0002#1,0,norm,greg,request,,2026-09-24 20:34,2026-09-24 20:51,0.282,3,true
20260925-004501-norm-0005#1,0,norm,greg,note,,2026-09-24 20:45,2026-09-24 20:53,0.134,,
20260925-005020-norm-0006#1,0,norm,greg,note,,2026-09-24 20:50,2026-09-24 20:53,0.045,,
20260925-005444-norm-0008#1,0,norm,greg,request,,2026-09-24 20:54,2026-09-24 20:59,0.081,2,true
20260925-005445-norm-0009#1,0,norm,greg,request,,2026-09-24 20:54,2026-09-24 21:03,0.144,2,true
20260925-010456-norm-0011#1,0,norm,greg,verdict,,2026-09-24 21:04,2026-09-24 21:09,0.071,3,true
20260925-011053-norm-0014#1,0,norm,greg,request,,2026-09-24 21:10,2026-09-24 21:27,0.284,3,true
20260925-011709-norm-0015#1,0,norm,greg,note,,2026-09-24 21:17,2026-09-24 21:28,0.197,,
20260925-013013-norm-0017#1,0,norm,greg,answer,,2026-09-24 21:30,2026-09-24 21:31,0.014,,
20260925-013145-norm-0018#1,0,norm,greg,request,,2026-09-24 21:31,2026-09-24 21:45,0.227,3,true
20260925-014627-norm-0020#1,0,norm,greg,verdict,,2026-09-24 21:46,2026-09-24 21:50,0.064,2,true
20260925-015147-norm-0022#1,0,norm,greg,request,,2026-09-24 21:51,2026-09-24 21:57,0.091,2,true
20260925-015652-norm-0023#1,0,norm,greg,request,DECK-TWELVE,2026-09-24 21:56,2026-09-24 22:02,0.094,13,true
20260925-020344-norm-0026#1,0,norm,greg,request,DECK-TWELVE,2026-09-24 22:03,2026-09-24 22:06,0.051,13,true
20260925-020940-norm-0027#1,0,norm,greg,verdict,,2026-09-24 22:09,2026-09-24 22:51,0.704,,
20260925-021551-norm-0028#1,0,norm,greg,request,DECK-TWELVE,2026-09-24 22:15,2026-09-24 22:59,0.725,8,true
20260925-021552-norm-0029#1,0,norm,greg,request,DECK-TWELVE,2026-09-24 22:15,2026-09-24 23:05,0.824,8,true
20260925-024423-norm-0030#1,0,norm,greg,note,,2026-09-24 22:44,2026-09-24 22:51,0.125,,
20260925-032247-norm-0034#1,0,norm,greg,request,DECK-TWELVE,2026-09-24 23:22,2026-09-24 23:29,0.106,5,true
20260925-035424-norm-0037#1,0,norm,greg,answer,,2026-09-24 23:54,2026-09-25 00:03,0.156,,
20260925-044255-norm-0038#1,0,norm,greg,request,CARGO-BAY-ENTRANCE,2026-09-25 00:42,2026-09-25 00:46,0.059,8,true
20260925-044256-norm-0039#1,0,norm,greg,request,ROBOT-POOL,2026-09-25 00:42,2026-09-25 00:48,0.097,13,true
20260925-044257-norm-0040#1,0,norm,greg,request,CARGO-BAY,2026-09-25 00:42,2026-09-25 00:51,0.141,13,true
20260925-044258-norm-0041#1,0,norm,greg,request,SPACETRUCK,2026-09-25 00:42,2026-09-25 01:21,0.646,13,true
20260925-044258-norm-0042#1,0,norm,greg,request,FORM-STORAGE-ROOM,2026-09-25 00:42,2026-09-25 01:26,0.731,8,true
20260925-045410-norm-0044#1,0,norm,greg,verdict,ROBOT-POOL,2026-09-25 00:54,2026-09-25 01:09,0.257,5,true
20260925-045456-norm-0045#1,0,norm,greg,verdict,CARGO-BAY,2026-09-25 00:54,2026-09-25 01:14,0.328,5,true
20260925-045457-norm-0046#1,0,norm,greg,request,CARGO-BAY-ENTRANCE,2026-09-25 00:54,2026-09-25 01:18,0.385,8,true
20260925-050325-norm-0047#1,0,norm,greg,verdict,SPACETRUCK,2026-09-25 01:03,2026-09-25 01:21,0.305,5,true
20260925-050853-norm-0048#1,0,norm,greg,verdict,FORM-STORAGE-ROOM,2026-09-25 01:08,2026-09-25 01:26,0.299,3,true
20260925-051608-norm-0049#1,0,norm,greg,verdict,ROBOT-POOL,2026-09-25 01:16,2026-09-25 01:30,0.242,5,true
20260925-051809-norm-0050#1,0,norm,greg,verdict,CARGO-BAY,2026-09-25 01:18,2026-09-25 01:44,0.438,5,true
20260925-054844-norm-0056#1,0,norm,greg,note,,2026-09-25 01:48,2026-09-25 01:56,0.133,,
20260925-094003-norm-0057#1,0,norm,greg,request,CARGO-BAY-ENTRANCE,2026-09-25 05:40,2026-09-25 05:49,0.157,5,true
20260925-094004-norm-0058#1,0,norm,greg,request,ROBOT-POOL,2026-09-25 05:40,2026-09-25 05:51,0.188,8,true
20260925-094005-norm-0059#1,0,norm,greg,request,CARGO-BAY,2026-09-25 05:40,2026-09-25 06:15,0.591,8,true
20260925-094006-norm-0060#1,0,norm,greg,request,CARGO-BAY,2026-09-25 05:40,2026-09-25 06:40,1.014,8,true
20260925-094007-norm-0061#1,0,norm,greg,request,SPACETRUCK,2026-09-25 05:40,2026-09-25 06:01,0.352,8,true
20260925-094008-norm-0062#1,0,norm,greg,request,SPACETRUCK,2026-09-25 05:40,2026-09-25 06:07,0.449,8,true
20260925-094008-norm-0063#1,0,norm,greg,request,FORM-STORAGE-ROOM,2026-09-25 05:40,2026-09-25 06:40,1.014,5,true
20260925-095114-norm-0064#1,0,norm,greg,request,FORM-STORAGE-ROOM,2026-09-25 05:51,2026-09-25 07:03,1.199,8,true
20260925-095115-norm-0065#1,0,norm,greg,request,ROBOT-POOL,2026-09-25 05:51,2026-09-25 07:09,1.302,13,true
20260925-095116-norm-0066#1,0,norm,greg,request,CARGO-BAY,2026-09-25 05:51,2026-09-25 07:39,1.807,13,true
20260925-095117-norm-0067#1,0,norm,greg,request,SPACETRUCK,2026-09-25 05:51,2026-09-25 07:55,2.068,13,true
20260925-095805-norm-0070#1,0,norm,greg,verdict,ROBOT-POOL,2026-09-25 05:58,2026-09-25 06:25,0.463,5,true
20260925-100613-norm-0071#1,0,norm,greg,verdict,SPACETRUCK,2026-09-25 06:06,2026-09-25 06:32,0.436,5,true
20260925-100659-norm-0072#1,0,norm,greg,note,,2026-09-25 06:06,2026-09-25 06:17,0.170,,
20260925-101153-norm-0073#1,0,norm,greg,verdict,SPACETRUCK,2026-09-25 06:11,2026-09-25 06:39,0.455,5,true
20260925-102214-norm-0076#1,0,norm,greg,note,,2026-09-25 06:22,2026-09-25 06:40,0.312,,
20260925-102330-norm-0077#1,0,norm,greg,verdict,CARGO-BAY,2026-09-25 06:23,2026-09-25 06:51,0.470,5,true
20260925-104152-norm-0080#1,0,norm,greg,note,,2026-09-25 06:41,2026-09-25 06:54,0.218,,
20260925-104320-norm-0081#1,0,norm,greg,verdict,SPACETRUCK,2026-09-25 06:43,2026-09-25 07:19,0.601,8,false
20260925-104934-norm-0083#1,0,norm,greg,verdict,CARGO-BAY,2026-09-25 06:49,2026-09-25 07:44,0.920,8,false
20260925-105625-norm-0084#1,0,norm,greg,verdict,CARGO-BAY,2026-09-25 06:56,2026-09-25 08:17,1.351,5,false
20260925-105625-norm-0084#2,0,norm,greg,verdict,CARGO-BAY,2026-09-25 06:56,2026-09-25 08:17,1.351,5,false
20260925-105625-norm-0084#3,0,norm,greg,verdict,CARGO-BAY,2026-09-25 06:56,2026-09-25 08:17,1.351,5,false
20260925-105625-norm-0084#4,0,norm,greg,verdict,CARGO-BAY,2026-09-25 06:56,2026-09-25 08:17,1.351,5,false
20260925-105723-norm-0085#1,0,norm,greg,note,CARGO-BAY,2026-09-25 06:57,2026-09-25 07:00,0.052,,
20260925-110758-norm-0086#1,0,norm,greg,verdict,FORM-STORAGE-ROOM,2026-09-25 07:07,2026-09-25 08:08,1.003,3,false
20260925-110758-norm-0086#2,0,norm,greg,verdict,FORM-STORAGE-ROOM,2026-09-25 07:07,2026-09-25 08:08,1.003,3,false
20260925-110758-norm-0086#3,0,norm,greg,verdict,FORM-STORAGE-ROOM,2026-09-25 07:07,2026-09-25 08:08,1.003,3,false
20260925-111801-norm-0087#1,0,norm,greg,verdict,ROBOT-POOL,2026-09-25 07:18,2026-09-25 08:27,1.156,5,false
20260925-111801-norm-0087#2,0,norm,greg,verdict,ROBOT-POOL,2026-09-25 07:18,2026-09-25 08:27,1.156,5,false
20260925-111801-norm-0087#3,0,norm,greg,verdict,ROBOT-POOL,2026-09-25 07:18,2026-09-25 08:27,1.156,5,false
20260925-111827-norm-0088#1,0,norm,greg,note,CARGO-BAY,2026-09-25 07:18,2026-09-25 07:39,0.354,,
20260925-112659-norm-0093#1,0,norm,greg,note,,2026-09-25 07:26,2026-09-25 07:44,0.296,,
20260925-115010-norm-0096#1,0,norm,greg,verdict,CARGO-BAY,2026-09-25 07:50,2026-09-25 08:34,0.735,5,false
20260925-115458-norm-0097#1,0,norm,greg,verdict,CARGO-BAY,2026-09-25 07:54,2026-09-25 08:52,0.964,5,false
20260925-115458-norm-0097#2,0,norm,greg,verdict,CARGO-BAY,2026-09-25 07:54,2026-09-25 08:52,0.964,5,false
20260925-115458-norm-0097#3,0,norm,greg,verdict,CARGO-BAY,2026-09-25 07:54,2026-09-25 08:52,0.964,5,false
20260925-115458-norm-0097#4,0,norm,greg,verdict,CARGO-BAY,2026-09-25 07:54,2026-09-25 08:52,0.964,5,false
20260925-120406-norm-0098#1,0,norm,greg,verdict,SPACETRUCK,2026-09-25 08:04,2026-09-25 09:01,0.950,5,false
20260925-120406-norm-0098#2,0,norm,greg,verdict,SPACETRUCK,2026-09-25 08:04,2026-09-25 09:01,0.950,5,false
20260925-120406-norm-0098#3,0,norm,greg,verdict,SPACETRUCK,2026-09-25 08:04,2026-09-25 09:01,0.950,5,false
20260925-121150-norm-0103#1,0,norm,greg,verdict,FORM-STORAGE-ROOM,2026-09-25 08:11,2026-09-25 09:12,1.012,3,false
20260925-121150-norm-0103#2,0,norm,greg,verdict,FORM-STORAGE-ROOM,2026-09-25 08:11,2026-09-25 09:12,1.012,3,false
20260925-121150-norm-0103#3,0,norm,greg,verdict,FORM-STORAGE-ROOM,2026-09-25 08:11,2026-09-25 09:12,1.012,3,false
20260925-122416-norm-0104#1,0,norm,greg,verdict,CARGO-BAY,2026-09-25 08:24,2026-09-25 09:36,1.197,5,false
20260925-122416-norm-0104#2,0,norm,greg,verdict,CARGO-BAY,2026-09-25 08:24,2026-09-25 09:36,1.197,5,false
20260925-122416-norm-0104#3,0,norm,greg,verdict,CARGO-BAY,2026-09-25 08:24,2026-09-25 09:36,1.197,5,false
20260925-123342-norm-0105#1,0,norm,greg,verdict,ROBOT-POOL,2026-09-25 08:33,2026-09-25 09:42,1.149,5,false
20260925-123342-norm-0105#2,0,norm,greg,verdict,ROBOT-POOL,2026-09-25 08:33,2026-09-25 09:42,1.149,5,false
20260925-123940-norm-0106#1,0,norm,greg,note,,2026-09-25 08:39,2026-09-25 08:43,0.063,,
20260925-123941-norm-0107#1,0,norm,greg,verdict,CARGO-BAY,2026-09-25 08:39,2026-09-25 09:51,1.202,5,false
20260925-123953-norm-0108#1,0,norm,greg,request,CARGO-BAY,2026-09-25 08:39,2026-09-25 10:04,1.409,8,false
20260925-124014-norm-0109#1,0,norm,greg,request,FORM-STORAGE-ROOM,2026-09-25 08:40,2026-09-25 09:53,1.221,8,false
20260925-130222-norm-0110#1,0,norm,greg,verdict,CARGO-BAY,2026-09-25 09:02,2026-09-25 10:15,1.212,5,false
20260925-130222-norm-0110#2,0,norm,greg,verdict,CARGO-BAY,2026-09-25 09:02,2026-09-25 10:15,1.212,5,false
20260925-130222-norm-0110#3,0,norm,greg,verdict,CARGO-BAY,2026-09-25 09:02,2026-09-25 10:15,1.212,5,false
20260925-131125-norm-0111#1,0,norm,greg,verdict,SPACETRUCK,2026-09-25 09:11,2026-09-25 10:23,1.193,5,false
20260925-131125-norm-0111#2,0,norm,greg,verdict,SPACETRUCK,2026-09-25 09:11,2026-09-25 10:23,1.193,5,false
20260925-131125-norm-0111#3,0,norm,greg,verdict,SPACETRUCK,2026-09-25 09:11,2026-09-25 10:23,1.193,5,false
20260925-131728-norm-0112#1,0,norm,greg,verdict,FORM-STORAGE-ROOM,2026-09-25 09:17,2026-09-25 09:53,0.601,3,false
20260925-131728-norm-0112#2,0,norm,greg,verdict,FORM-STORAGE-ROOM,2026-09-25 09:17,2026-09-25 09:53,0.601,3,false
20260925-133253-norm-0114#1,0,norm,greg,answer,,2026-09-25 09:32,2026-09-25 09:34,0.026,,
20260925-134318-norm-0116#1,0,norm,greg,verdict,CARGO-BAY,2026-09-25 09:43,2026-09-25 10:04,0.352,5,false
20260925-134318-norm-0116#2,0,norm,greg,verdict,CARGO-BAY,2026-09-25 09:43,2026-09-25 10:04,0.352,5,false
20260925-141157-norm-0121#1,0,norm,greg,verdict,CARGO-BAY,2026-09-25 10:11,2026-09-25 10:34,0.377,5,false
20260925-142344-norm-0122#1,0,norm,greg,verdict,CARGO-BAY,2026-09-25 10:23,2026-09-25 10:43,0.321,5,false
20260925-142344-norm-0122#2,0,norm,greg,verdict,CARGO-BAY,2026-09-25 10:23,2026-09-25 10:43,0.321,5,false
20260925-142344-norm-0122#3,0,norm,greg,verdict,CARGO-BAY,2026-09-25 10:23,2026-09-25 10:43,0.321,5,false
20260925-142357-norm-0123#1,0,norm,greg,note,,2026-09-25 10:23,2026-09-25 10:28,0.071,,
20260925-144915-norm-0127#1,0,norm,greg,verdict,CARGO-BAY,2026-09-25 10:49,2026-09-25 11:09,0.336,5,false
20260925-160516-norm-0131#1,0,norm,greg,request,LEVEL-FIVE,2026-09-25 12:05,2026-09-25 12:43,0.641,13,false
20260925-165551-norm-0133#1,0,norm,greg,verdict,LEVEL-FIVE,2026-09-25 12:55,2026-09-25 13:11,0.262,3,false
20260925-165551-norm-0133#2,0,norm,greg,verdict,LEVEL-FIVE,2026-09-25 12:55,2026-09-25 13:11,0.262,3,false
20260925-165551-norm-0133#3,0,norm,greg,verdict,LEVEL-FIVE,2026-09-25 12:55,2026-09-25 13:11,0.262,3,false
20260925-165551-norm-0133#4,0,norm,greg,verdict,LEVEL-FIVE,2026-09-25 12:55,2026-09-25 13:11,0.262,3,false
20260925-165551-norm-0133#5,0,norm,greg,verdict,LEVEL-FIVE,2026-09-25 12:55,2026-09-25 13:11,0.262,3,false
20260925-165605-norm-0134#1,0,norm,greg,note,,2026-09-25 12:56,2026-09-25 13:10,0.234,,
20260925-171141-norm-0135#1,0,norm,greg,answer,,2026-09-25 13:11,2026-09-25 13:12,0.018,,
20260925-171803-norm-0136#1,0,norm,greg,verdict,LEVEL-FIVE,2026-09-25 13:18,2026-09-25 13:28,0.177,3,false
20260925-173201-norm-0138#1,0,norm,greg,request,SOUTH-JUNCTION,2026-09-25 13:32,2026-09-25 13:53,0.360,8,false
20260925-184404-norm-0141#1,0,norm,greg,request,LEVEL-FIVE,2026-09-25 14:44,2026-09-25 14:57,0.228,8,false
20260925-184405-norm-0142#1,0,norm,greg,request,COMMANDERS-OFFICE,2026-09-25 14:44,2026-09-25 15:44,1.011,13,false
20260925-184406-norm-0143#1,0,norm,greg,request,COMM-CENTER,2026-09-25 14:44,2026-09-25 15:52,1.145,13,false
20260925-184407-norm-0144#1,0,norm,greg,request,PX,2026-09-25 14:44,2026-09-25 16:07,1.391,13,false
20260925-190535-norm-0145#1,0,norm,greg,verdict,LEVEL-FIVE,2026-09-25 15:05,2026-09-25 16:37,1.532,8,false
20260925-190535-norm-0145#2,0,norm,greg,verdict,LEVEL-FIVE,2026-09-25 15:05,2026-09-25 16:37,1.532,8,false
20260925-190535-norm-0145#3,0,norm,greg,verdict,LEVEL-FIVE,2026-09-25 15:05,2026-09-25 16:37,1.532,8,false
20260925-190535-norm-0145#4,0,norm,greg,verdict,LEVEL-FIVE,2026-09-25 15:05,2026-09-25 16:37,1.532,8,false
20260925-190535-norm-0145#5,0,norm,greg,verdict,LEVEL-FIVE,2026-09-25 15:05,2026-09-25 16:37,1.532,8,false
20260925-190535-norm-0145#6,0,norm,greg,verdict,LEVEL-FIVE,2026-09-25 15:05,2026-09-25 16:37,1.532,8,false
20260925-193428-norm-0148#1,0,norm,greg,request,COMMANDERS-OFFICE,2026-09-25 15:34,2026-09-25 15:44,0.171,13,false
20260925-193429-norm-0149#1,0,norm,greg,request,COMM-CENTER,2026-09-25 15:34,2026-09-25 15:52,0.305,13,false
20260925-193429-norm-0150#1,0,norm,greg,request,PX,2026-09-25 15:34,2026-09-25 16:07,0.552,13,false
20260925-205011-norm-0155#1,0,norm,greg,note,,2026-09-25 16:50,2026-09-25 16:58,0.142,,
20260925-205356-norm-0156#1,0,norm,greg,request,LEVEL-FIVE,2026-09-25 16:53,2026-09-25 17:22,0.470,8,false
20260925-210447-norm-0158#1,0,norm,greg,request,LEVEL-FIVE,2026-09-25 17:04,2026-09-25 17:22,0.289,8,false
20260925-213343-norm-0161#1,0,norm,greg,request,SICK-BAY,2026-09-25 17:33,2026-09-25 21:45,4.198,8,false
20260925-213344-norm-0162#1,0,norm,greg,request,STATION-CONTROL,2026-09-25 17:33,2026-09-26 06:50,13.277,8,false
20260926-112911-norm-0167#1,0,norm,greg,request,COMMANDERS-OFFICE,2026-09-26 07:29,2026-09-26 07:39,0.176,8,false
20260926-135832-norm-0169#1,0,norm,greg,request,COMM-CENTER,2026-09-26 09:58,2026-09-26 10:11,0.212,8,false
20260926-141024-norm-0171#1,0,norm,greg,request,PX,2026-09-26 10:10,2026-09-26 10:30,0.330,8,false
20260926-142306-norm-0172#1,0,norm,greg,verdict,COMM-CENTER,2026-09-26 10:23,2026-09-26 11:16,0.882,5,false
20260926-142306-norm-0172#2,0,norm,greg,verdict,COMM-CENTER,2026-09-26 10:23,2026-09-26 11:16,0.882,5,false
20260926-144301-norm-0174#1,0,norm,greg,verdict,PX,2026-09-26 10:43,2026-09-26 11:39,0.938,5,false
20260926-144301-norm-0174#2,0,norm,greg,verdict,PX,2026-09-26 10:43,2026-09-26 11:39,0.938,5,false
20260926-152325-norm-0177#1,0,norm,greg,verdict,COMM-CENTER,2026-09-26 11:23,2026-09-26 11:45,0.362,5,false
20260926-160305-norm-0180#1,0,norm,greg,request,COMMANDERS-OFFICE,2026-09-26 12:03,2026-09-26 12:22,0.330,8,false
20260926-160306-norm-0181#1,0,norm,greg,request,COMM-CENTER,2026-09-26 12:03,2026-09-26 12:38,0.595,8,false
20260926-162322-norm-0182#1,0,norm,greg,request,PX,2026-09-26 12:23,2026-09-26 12:49,0.429,8,false
20260926-163643-norm-0183#1,0,norm,greg,verdict,COMMANDERS-OFFICE,2026-09-26 12:36,2026-09-26 12:54,0.290,5,false
20260926-164533-norm-0184#1,0,norm,greg,verdict,COMM-CENTER,2026-09-26 12:45,2026-09-26 13:06,0.342,5,false
20260926-165930-norm-0185#1,0,norm,greg,verdict,PX,2026-09-26 12:59,2026-09-26 13:30,0.519,5,false
20260926-165930-norm-0185#2,0,norm,greg,verdict,PX,2026-09-26 12:59,2026-09-26 13:33,0.564,5,false
20260926-165930-norm-0185#3,0,norm,greg,verdict,PX,2026-09-26 12:59,2026-09-26 13:30,0.519,5,false
20260926-165930-norm-0185#4,0,norm,greg,verdict,PX,2026-09-26 12:59,2026-09-26 13:30,0.519,5,false
20260926-171744-norm-0188#1,0,norm,greg,request,COMM-CENTER,2026-09-26 13:17,2026-09-26 13:36,0.312,8,false
20260926-173329-norm-0190#1,0,norm,greg,request,PX,2026-09-26 13:33,2026-09-26 13:40,0.125,8,false
20260926-173329-norm-0190#2,0,norm,greg,request,PX,2026-09-26 13:33,2026-09-26 13:40,0.125,8,false
20260926-174252-norm-0192#1,0,norm,greg,request,PX,2026-09-26 13:42,2026-09-26 13:55,0.202,8,false
20260926-175336-norm-0193#1,0,norm,greg,request,COMM-CENTER,2026-09-26 13:53,2026-09-26 13:59,0.106,8,false
20260926-175344-norm-0194#1,0,norm,greg,request,COMM-CENTER,2026-09-26 13:53,2026-09-26 14:03,0.162,8,false
20260926-175344-norm-0194#2,0,norm,greg,request,COMM-CENTER,2026-09-26 13:53,2026-09-26 14:03,0.162,8,false
20260926-175344-norm-0194#3,0,norm,greg,request,COMM-CENTER,2026-09-26 13:53,2026-09-26 14:03,0.162,8,false
20260926-175344-norm-0194#4,0,norm,greg,request,COMM-CENTER,2026-09-26 13:53,2026-09-26 14:03,0.162,8,false
20260926-180255-norm-0196#1,0,norm,greg,verdict,COMM-CENTER,2026-09-26 14:02,2026-09-26 14:05,0.042,5,false
20260926-182141-norm-0199#1,0,norm,greg,request,COMMANDERS-OFFICE,2026-09-26 14:21,2026-09-26 15:15,0.900,8,false
20260926-182142-norm-0200#1,0,norm,greg,request,SICK-BAY,2026-09-26 14:21,2026-09-26 15:57,1.589,5,false
20260926-182244-norm-0201#1,0,norm,greg,request,COMM-CENTER,2026-09-26 14:22,2026-09-26 16:59,2.611,8,false
20260926-200848-norm-0205#1,0,norm,greg,request,SICK-BAY,2026-09-26 16:08,2026-09-26 17:17,1.139,5,false
20260926-211248-norm-0208#1,0,norm,greg,request,PX,2026-09-26 17:12,2026-09-26 17:27,0.245,8,false
20260926-214209-norm-0213#1,0,norm,greg,request,SICK-BAY,2026-09-26 17:42,,,5,false
20260926-214210-norm-0214#1,0,norm,greg,request,STATION-CONTROL,2026-09-26 17:42,2026-09-26 18:18,0.608,5,false
20260926-223841-norm-0218#1,0,norm,greg,request,STATION-CONTROL,2026-09-26 18:38,2026-09-26 19:10,0.536,5,false
20260926-225632-norm-0219#1,0,norm,greg,verdict,STATION-CONTROL,2026-09-26 18:56,2026-09-26 19:10,0.239,3,false
20260926-225632-norm-0219#2,0,norm,greg,verdict,STATION-CONTROL,2026-09-26 18:56,2026-09-26 19:10,0.239,3,false
20260926-225632-norm-0219#3,0,norm,greg,verdict,STATION-CONTROL,2026-09-26 18:56,2026-09-26 19:10,0.239,3,false
20260926-225632-norm-0219#4,0,norm,greg,verdict,STATION-CONTROL,2026-09-26 18:56,2026-09-26 19:10,0.239,3,false
20260926-225632-norm-0219#5,0,norm,greg,verdict,STATION-CONTROL,2026-09-26 18:56,2026-09-26 19:10,0.239,3,false
20260926-225754-norm-0220#1,0,norm,greg,request,LEVEL-FIVE,2026-09-26 18:57,2026-09-26 19:47,0.824,8,false
20260926-231356-norm-0221#1,0,norm,greg,request,STATION-CONTROL,2026-09-26 19:13,2026-09-26 20:18,1.078,5,false
20260926-233124-norm-0222#1,0,norm,greg,verdict,STATION-CONTROL,2026-09-26 19:31,2026-09-26 20:04,0.547,3,false
20260926-233124-norm-0222#2,0,norm,greg,verdict,STATION-CONTROL,2026-09-26 19:31,2026-09-26 20:04,0.547,3,false
20260926-233124-norm-0222#3,0,norm,greg,verdict,STATION-CONTROL,2026-09-26 19:31,2026-09-26 20:04,0.547,3,false
20260926-233124-norm-0222#4,0,norm,greg,verdict,STATION-CONTROL,2026-09-26 19:31,2026-09-26 20:04,0.547,3,false
20260926-233306-norm-0223#1,0,norm,greg,verdict,LEVEL-FIVE,2026-09-26 19:33,2026-09-26 19:47,0.237,5,false
20260926-233306-norm-0223#2,0,norm,greg,verdict,LEVEL-FIVE,2026-09-26 19:33,2026-09-26 19:47,0.237,5,false
20260926-233306-norm-0223#3,0,norm,greg,verdict,LEVEL-FIVE,2026-09-26 19:33,2026-09-26 19:47,0.237,5,false
20260926-235232-norm-0224#1,0,norm,greg,verdict,LEVEL-FIVE,2026-09-26 19:52,2026-09-26 20:22,0.502,5,false
20260926-235232-norm-0224#2,0,norm,greg,verdict,LEVEL-FIVE,2026-09-26 19:52,2026-09-26 20:22,0.502,5,false
20260927-000516-norm-0225#1,0,norm,greg,note,,2026-09-26 20:05,2026-09-26 20:06,0.020,,
20260927-001124-norm-0227#1,0,norm,greg,request,BRIEFING-ROOM,2026-09-26 20:11,2026-09-26 20:35,0.406,8,false
20260927-001233-norm-0228#1,0,norm,greg,request,WORKSHOP,2026-09-26 20:12,2026-09-26 20:56,0.728,8,false
20260927-001345-greg-0159#1,0,greg,norm,question,STATION-CONTROL,2026-09-26 20:13,2026-09-29 07:09,58.929,,
20260927-001512-norm-0230#1,0,norm,greg,request,ROBOT-SHOP,2026-09-26 20:15,2026-09-26 21:07,0.879,13,false
20260927-002240-norm-0231#1,0,norm,greg,request,COMMANDERS-QUARTERS,2026-09-26 20:22,2026-09-26 21:26,1.070,13,false
20260927-002956-norm-0232#1,0,norm,greg,verdict,STATION-CONTROL,2026-09-26 20:29,2026-09-27 10:32,14.047,3,false
20260927-002956-norm-0232#2,0,norm,greg,verdict,STATION-CONTROL,2026-09-26 20:29,2026-09-27 10:32,14.047,3,false
20260927-004641-norm-0235#1,0,norm,greg,verdict,BRIEFING-ROOM,2026-09-26 20:46,2026-09-26 21:53,1.110,2,false
20260927-004641-norm-0235#2,0,norm,greg,verdict,BRIEFING-ROOM,2026-09-26 20:46,2026-09-26 21:53,1.110,2,false
20260927-004641-norm-0235#3,0,norm,greg,verdict,BRIEFING-ROOM,2026-09-26 20:46,2026-09-26 21:53,1.110,2,false
20260927-004641-norm-0235#4,0,norm,greg,verdict,BRIEFING-ROOM,2026-09-26 20:46,2026-09-26 21:53,1.110,2,false
20260927-010634-norm-0237#1,0,norm,greg,verdict,WORKSHOP,2026-09-26 21:06,2026-09-27 06:26,9.327,3,false
20260927-010634-norm-0237#2,0,norm,greg,verdict,WORKSHOP,2026-09-26 21:06,2026-09-27 06:26,9.327,3,false
20260927-010634-norm-0237#3,0,norm,greg,verdict,WORKSHOP,2026-09-26 21:06,2026-09-27 06:26,9.327,3,false
20260927-011328-norm-0239#1,0,norm,greg,request,WORKSHOP,2026-09-26 21:13,2026-09-27 06:26,9.212,8,false
20260927-011428-norm-0240#1,0,norm,greg,verdict,ROBOT-SHOP,2026-09-26 21:14,2026-09-27 06:28,9.241,3,false
20260927-011428-norm-0240#2,0,norm,greg,verdict,ROBOT-SHOP,2026-09-26 21:14,2026-09-27 06:28,9.241,3,false
20260927-011428-norm-0240#3,0,norm,greg,verdict,ROBOT-SHOP,2026-09-26 21:14,2026-09-27 06:28,9.241,3,false
20260927-011428-norm-0240#4,0,norm,greg,verdict,ROBOT-SHOP,2026-09-26 21:14,2026-09-27 06:28,9.241,3,false
20260927-014137-norm-0242#1,0,norm,greg,verdict,COMMANDERS-QUARTERS,2026-09-26 21:41,2026-09-27 08:59,11.291,5,false
20260927-014137-norm-0242#2,0,norm,greg,verdict,COMMANDERS-QUARTERS,2026-09-26 21:41,2026-09-27 08:59,11.291,5,false
20260927-014137-norm-0242#3,0,norm,greg,verdict,COMMANDERS-QUARTERS,2026-09-26 21:41,2026-09-27 08:59,11.291,5,false
20260927-014137-norm-0242#4,0,norm,greg,verdict,COMMANDERS-QUARTERS,2026-09-26 21:41,2026-09-27 08:59,11.291,5,false
20260927-033739-norm-0247#1,0,norm,greg,request,EAST-CONNECTION,2026-09-26 23:37,2026-09-27 10:55,11.303,8,false
20260927-033740-norm-0248#1,0,norm,greg,request,SOUTH-CONNECTION,2026-09-26 23:37,2026-09-27 11:11,11.567,8,false
20260927-033741-norm-0249#1,0,norm,greg,request,EAST-JUNCTION,2026-09-26 23:37,2026-09-27 07:06,7.474,8,false
20260927-090945-norm-0253#1,0,norm,greg,request,,2026-09-27 05:09,2026-09-27 06:41,1.532,2,false
20260927-090945-norm-0253#2,0,norm,greg,request,,2026-09-27 05:09,2026-09-27 06:41,1.532,2,false
20260927-102600-norm-0255#1,0,norm,greg,note,,2026-09-27 06:26,2026-09-27 06:35,0.166,,
20260927-104037-norm-0260#1,0,norm,greg,note,,2026-09-27 06:40,2026-09-27 06:46,0.092,,
20260927-111647-norm-0263#1,0,norm,greg,request,ROBOT-SHOP,2026-09-27 07:16,2026-09-27 07:58,0.688,13,false
20260927-111650-norm-0264#1,0,norm,greg,request,WORKSHOP,2026-09-27 07:16,2026-09-27 08:09,0.876,8,false
20260927-111653-norm-0265#1,0,norm,greg,request,COMMANDERS-QUARTERS,2026-09-27 07:16,2026-09-27 08:59,1.704,13,false
20260927-112918-norm-0269#1,0,norm,greg,request,,2026-09-27 07:29,2026-09-27 10:00,2.522,2,false
20260927-112918-norm-0269#2,0,norm,greg,request,,2026-09-27 07:29,2026-09-27 10:00,2.522,2,false
20260927-113717-norm-0270#1,0,norm,greg,request,LEVEL-FIVE,2026-09-27 07:37,2026-09-27 09:24,1.792,5,false
20260927-113718-norm-0271#1,0,norm,greg,request,LEVEL-FIVE,2026-09-27 07:37,2026-09-27 09:34,1.958,5,false
20260927-113719-norm-0272#1,0,norm,greg,request,LEVEL-FIVE,2026-09-27 07:37,2026-09-27 09:45,2.135,5,false
20260927-114805-norm-0273#1,0,norm,greg,verdict,EAST-JUNCTION,2026-09-27 07:48,2026-09-27 09:03,1.259,2,false
20260927-114849-norm-0275#1,0,norm,greg,note,,2026-09-27 07:48,2026-09-27 07:56,0.131,,
20260927-120919-norm-0278#1,0,norm,greg,verdict,ROBOT-SHOP,2026-09-27 08:09,2026-09-27 08:23,0.244,3,false
20260927-122221-norm-0280#1,0,norm,greg,verdict,WORKSHOP,2026-09-27 08:22,2026-09-27 08:35,0.219,3,false
20260927-123706-norm-0282#1,0,norm,greg,note,WORKSHOP,2026-09-27 08:37,2026-09-27 08:47,0.175,,
20260927-131305-norm-0288#1,0,norm,greg,request,ROBOT-SHOP,2026-09-27 09:13,2026-09-27 11:22,2.149,8,false
20260927-131311-norm-0289#1,0,norm,greg,request,ROBOT-SHOP,2026-09-27 09:13,2026-09-27 12:08,2.921,8,false
20260927-131515-norm-0290#1,0,norm,greg,verdict,EAST-JUNCTION,2026-09-27 09:15,2026-09-27 12:25,3.177,2,false
20260927-132242-norm-0291#1,0,norm,greg,request,WORKSHOP,2026-09-27 09:22,2026-09-27 12:39,3.274,5,false
20260927-140025-norm-0294#1,0,norm,greg,verdict,LEVEL-FIVE,2026-09-27 10:00,2026-09-27 12:47,2.793,3,false
20260927-144827-norm-0299#1,0,norm,greg,note,,2026-09-27 10:48,2026-09-27 10:55,0.116,,
20260927-152115-norm-0302#1,0,norm,greg,request,NORTH-CONNECTION,2026-09-27 11:21,2026-09-27 12:55,1.567,8,false
20260927-154520-norm-0303#1,0,norm,greg,request,COMMANDERS-QUARTERS,2026-09-27 11:45,2026-09-27 13:07,1.367,8,false
20260927-154526-norm-0304#1,0,norm,greg,request,COMMANDERS-QUARTERS,2026-09-27 11:45,2026-09-27 13:18,1.553,8,false
20260927-155258-norm-0305#1,0,norm,greg,verdict,SOUTH-CONNECTION,2026-09-27 11:52,2026-09-27 13:30,1.629,3,false
20260927-155258-norm-0305#2,0,norm,greg,verdict,SOUTH-CONNECTION,2026-09-27 11:52,2026-09-27 13:30,1.629,3,false
20260927-155258-norm-0305#3,0,norm,greg,verdict,SOUTH-CONNECTION,2026-09-27 11:52,2026-09-27 13:30,1.629,3,false
20260927-162000-norm-0306#1,0,norm,greg,verdict,EAST-CONNECTION,2026-09-27 12:20,2026-09-27 13:39,1.325,2,false
20260927-164309-norm-0307#1,0,norm,greg,request,BRIG,2026-09-27 12:43,2026-09-27 13:59,1.271,8,false
20260927-165237-norm-0309#1,0,norm,greg,verdict,ROBOT-SHOP,2026-09-27 12:52,2026-09-27 14:06,1.230,5,false
20260927-175054-norm-0316#1,0,norm,greg,verdict,NORTH-CONNECTION,2026-09-27 13:50,2026-09-27 14:20,0.498,2,false
20260927-181218-norm-0318#1,0,norm,greg,request,,2026-09-27 14:12,2026-09-27 14:35,0.386,2,false
20260927-181219-norm-0319#1,0,norm,greg,request,,2026-09-27 14:12,2026-09-27 14:46,0.568,2,false
20260927-181227-norm-0320#1,0,norm,greg,request,ROBOT-SHOP,2026-09-27 14:12,2026-09-27 15:03,0.852,8,false
20260927-181848-norm-0321#1,0,norm,greg,verdict,COMMANDERS-QUARTERS,2026-09-27 14:18,2026-09-27 15:36,1.294,5,false
20260927-193844-norm-0325#1,0,norm,greg,verdict,COMMANDERS-QUARTERS,2026-09-27 15:38,2026-09-27 16:00,0.364,5,false
20260927-194331-norm-0326#1,0,norm,greg,verdict,BRIG,2026-09-27 15:43,2026-09-27 16:11,0.470,3,false
20260927-195034-norm-0328#1,0,norm,greg,request,SPACETRUCK,2026-09-27 15:50,2026-09-27 16:25,0.588,13,false
20260927-195035-norm-0329#1,0,norm,greg,request,SPACETRUCK,2026-09-27 15:50,2026-09-27 16:31,0.677,13,false
20260927-201146-norm-0330#1,0,norm,greg,request,FILE-ROOM,2026-09-27 16:11,2026-09-27 16:53,0.700,8,false
20260927-203824-norm-0332#1,0,norm,greg,request,SOUTH-CONNECTION,2026-09-27 16:38,2026-09-27 17:14,0.608,5,false
20260927-205607-norm-0334#1,0,norm,greg,request,EAST-JUNCTION,2026-09-27 16:56,2026-09-27 17:49,0.898,5,false
20260927-205924-norm-0335#1,0,norm,greg,verdict,COMMANDERS-QUARTERS,2026-09-27 16:59,2026-09-27 17:56,0.946,5,false
20260927-211741-norm-0337#1,0,norm,greg,request,BRIG,2026-09-27 17:17,2026-09-27 18:03,0.759,5,false
20260927-211758-norm-0338#1,0,norm,greg,request,BRIG,2026-09-27 17:17,2026-09-27 18:19,1.032,5,false
20260927-212304-norm-0341#1,0,norm,greg,request,ROBOT-SHOP,2026-09-27 17:23,2026-09-27 18:24,1.018,8,false
20260927-212734-norm-0342#1,0,norm,greg,verdict,SPACETRUCK,2026-09-27 17:27,2026-09-27 18:40,1.211,5,false
20260927-212734-norm-0342#2,0,norm,greg,verdict,SPACETRUCK,2026-09-27 17:27,2026-09-27 18:40,1.211,5,false
20260927-212734-norm-0342#3,0,norm,greg,verdict,SPACETRUCK,2026-09-27 17:27,2026-09-27 18:40,1.211,5,false
20260927-215259-norm-0343#1,0,norm,greg,request,LEVEL-FOUR,2026-09-27 17:52,2026-09-27 18:48,0.930,13,false
20260927-215305-norm-0344#1,0,norm,greg,request,LEVEL-THREE,2026-09-27 17:53,2026-09-27 18:56,1.063,13,false
20260927-215808-norm-0345#1,0,norm,greg,request,FILE-ROOM,2026-09-27 17:58,2026-09-27 19:14,1.276,5,false
20260927-221613-norm-0346#1,0,norm,greg,verdict,SOUTH-CONNECTION,2026-09-27 18:16,2026-09-27 19:28,1.205,3,false
20260927-221724-norm-0347#1,0,norm,greg,verdict,EAST-JUNCTION,2026-09-27 18:17,2026-09-27 19:40,1.388,3,false
20260927-221724-norm-0347#2,0,norm,greg,verdict,EAST-JUNCTION,2026-09-27 18:17,2026-09-27 19:40,1.388,3,false
20260927-221724-norm-0347#3,0,norm,greg,verdict,EAST-JUNCTION,2026-09-27 18:17,2026-09-27 19:40,1.388,3,false
20260927-222241-norm-0348#1,0,norm,greg,verdict,BRIG,2026-09-27 18:22,2026-09-27 19:48,1.438,3,false
20260927-233632-norm-0350#1,0,norm,greg,verdict,BRIG,2026-09-27 19:36,2026-09-27 19:55,0.323,3,false
20260927-234435-norm-0352#1,0,norm,greg,verdict,ROBOT-SHOP,2026-09-27 19:44,2026-09-27 20:07,0.386,5,false
20260927-234435-norm-0352#2,0,norm,greg,verdict,ROBOT-SHOP,2026-09-27 19:44,2026-09-27 20:07,0.386,5,false
20260927-234435-norm-0352#3,0,norm,greg,verdict,ROBOT-SHOP,2026-09-27 19:44,2026-09-27 20:07,0.386,5,false
20260928-001242-norm-0358#1,0,norm,greg,verdict,LEVEL-THREE,2026-09-27 20:12,2026-09-27 20:24,0.203,3,false
20260928-001454-norm-0360#1,0,norm,greg,note,,2026-09-27 20:14,2026-09-27 20:19,0.079,,
20260928-002145-norm-0361#1,0,norm,greg,verdict,FILE-ROOM,2026-09-27 20:21,2026-09-27 20:43,0.362,3,false
20260928-002145-norm-0361#2,0,norm,greg,verdict,FILE-ROOM,2026-09-27 20:21,2026-09-27 20:43,0.362,3,false
20260928-002208-norm-0362#1,0,norm,greg,verdict,LEVEL-FOUR,2026-09-27 20:22,2026-09-27 21:03,0.693,3,false
20260928-002208-norm-0362#2,0,norm,greg,verdict,LEVEL-FOUR,2026-09-27 20:22,2026-09-27 21:03,0.693,3,false
20260928-002208-norm-0362#3,0,norm,greg,verdict,LEVEL-FOUR,2026-09-27 20:22,2026-09-27 21:03,0.693,3,false
20260928-002208-norm-0362#4,0,norm,greg,verdict,LEVEL-FOUR,2026-09-27 20:22,2026-09-27 21:03,0.693,3,false
20260928-013808-norm-0364#1,0,norm,greg,verdict,LEVEL-FOUR,2026-09-27 21:38,2026-09-27 22:00,0.368,3,false
20260928-013808-norm-0364#2,0,norm,greg,verdict,LEVEL-FOUR,2026-09-27 21:38,2026-09-27 22:00,0.368,3,false
20260928-014612-norm-0365#1,0,norm,greg,verdict,FILE-ROOM,2026-09-27 21:46,2026-09-27 22:22,0.611,3,false
20260928-014612-norm-0365#2,0,norm,greg,verdict,FILE-ROOM,2026-09-27 21:46,2026-09-27 22:22,0.611,3,false
20260928-014612-norm-0365#3,0,norm,greg,verdict,FILE-ROOM,2026-09-27 21:46,2026-09-27 22:22,0.611,3,false
20260928-021847-norm-0367#1,0,norm,greg,request,LEVEL-THREE,2026-09-27 22:18,2026-09-27 22:34,0.264,8,false
20260928-030247-norm-0370#1,0,norm,greg,request,CHAPEL,2026-09-27 23:02,2026-09-27 23:19,0.281,13,false
20260928-030253-norm-0371#1,0,norm,greg,request,GYM,2026-09-27 23:02,2026-09-27 23:31,0.481,8,false
20260928-032937-norm-0372#1,0,norm,greg,request,LEVEL-THREE,2026-09-27 23:29,2026-09-27 23:38,0.148,8,false
20260928-033423-norm-0377#1,0,norm,greg,request,LEVEL-FOUR,2026-09-27 23:34,2026-09-27 23:56,0.376,8,false
20260928-035747-norm-0381#1,0,norm,greg,request,GYM,2026-09-27 23:57,2026-09-28 00:27,0.492,8,false
20260928-041734-norm-0384#1,0,norm,greg,request,CHAPEL,2026-09-28 00:17,2026-09-28 00:38,0.351,13,false
20260928-044727-norm-0385#1,0,norm,greg,verdict,LEVEL-FOUR,2026-09-28 00:47,2026-09-28 01:11,0.398,5,false
20260928-050008-norm-0386#1,0,norm,greg,verdict,GYM,2026-09-28 01:00,2026-09-28 01:18,0.313,5,false
20260928-051147-norm-0387#1,0,norm,greg,verdict,CHAPEL,2026-09-28 01:11,2026-09-28 01:31,0.336,8,false
20260928-051147-norm-0387#2,0,norm,greg,verdict,CHAPEL,2026-09-28 01:11,2026-09-28 01:31,0.336,8,false
20260928-054347-norm-0389#1,0,norm,greg,verdict,LEVEL-FOUR,2026-09-28 01:43,2026-09-28 02:11,0.469,5,false
20260928-064401-norm-0395#1,0,norm,greg,request,LAUNDRY,2026-09-28 02:44,2026-09-28 02:52,0.136,13,false
20260928-064404-norm-0396#1,0,norm,greg,request,THEATRE,2026-09-28 02:44,2026-09-28 02:57,0.228,8,false
20260928-070359-norm-0399#1,0,norm,greg,request,SOUTH-CONNECTION,2026-09-28 03:03,2026-09-28 03:16,0.206,8,false
20260928-072622-norm-0402#1,0,norm,greg,request,LEVEL-FOUR,2026-09-28 03:26,2026-09-28 03:36,0.173,8,false
20260928-075636-norm-0404#1,0,norm,greg,request,THEATRE,2026-09-28 03:56,2026-09-28 04:07,0.174,8,false
20260928-075729-norm-0405#1,0,norm,greg,request,LAUNDRY,2026-09-28 03:57,2026-09-28 04:13,0.266,8,false
20260928-083838-norm-0407#1,0,norm,greg,verdict,LAUNDRY,2026-09-28 04:38,2026-09-28 04:52,0.229,5,false
20260928-084116-norm-0408#1,0,norm,greg,request,FEMALE-BARRACKS,2026-09-28 04:41,2026-09-28 05:00,0.321,8,false
20260928-084119-norm-0409#1,0,norm,greg,request,BARRACKS-SANFAC,2026-09-28 04:41,2026-09-28 05:17,0.607,8,false
20260928-103156-norm-0413#1,0,norm,greg,request,,2026-09-28 06:31,2026-09-28 06:58,0.435,3,false
20260928-103156-norm-0413#2,0,norm,greg,request,,2026-09-28 06:31,2026-09-28 06:58,0.435,3,false
20260928-103156-norm-0413#3,0,norm,greg,request,,2026-09-28 06:31,2026-09-28 06:58,0.435,3,false
20260928-103217-norm-0414#1,0,norm,greg,request,,2026-09-28 06:32,2026-09-28 07:04,0.541,2,false
20260928-104934-norm-0415#1,0,norm,greg,request,FEMALE-BARRACKS,2026-09-28 06:49,2026-09-28 07:14,0.419,5,false
20260928-110900-norm-0418#1,0,norm,greg,request,DOCKING-BAY-3,2026-09-28 07:09,2026-09-28 07:19,0.177,8,false
20260928-113353-norm-0422#1,0,norm,greg,request,COMMANDERS-QUARTERS,2026-09-28 07:33,2026-09-28 07:46,0.212,13,false
20260928-114300-norm-0423#1,0,norm,greg,request,,2026-09-28 07:43,2026-09-28 07:52,0.166,2,false
20260928-121814-norm-0426#1,0,norm,greg,request,,2026-09-28 08:18,2026-09-28 08:34,0.270,2,false
20260928-121814-norm-0426#2,0,norm,greg,request,,2026-09-28 08:18,2026-09-28 08:34,0.270,2,false
20260928-121814-norm-0426#3,0,norm,greg,request,,2026-09-28 08:18,2026-09-28 08:34,0.270,2,false
20260928-204533-norm-0432#1,0,norm,greg,request,STORAGE-5,2026-09-28 16:45,2026-09-28 16:50,0.085,13,false
20260928-205534-norm-0435#1,0,norm,greg,request,GYM,2026-09-28 16:55,2026-09-28 17:03,0.140,5,false
20260928-205534-norm-0435#2,0,norm,greg,request,GYM,2026-09-28 16:55,2026-09-28 17:03,0.140,5,false
20260928-205540-norm-0436#1,0,norm,greg,request,GYM,2026-09-28 16:55,2026-09-28 17:03,0.138,8,false
20260928-205540-norm-0436#2,0,norm,greg,request,GYM,2026-09-28 16:55,2026-09-28 17:03,0.138,8,false
20260928-205540-norm-0436#3,0,norm,greg,request,GYM,2026-09-28 16:55,2026-09-28 17:03,0.138,8,false
20260928-205540-norm-0436#4,0,norm,greg,request,GYM,2026-09-28 16:55,2026-09-28 17:03,0.138,8,false
20260928-205540-norm-0436#5,0,norm,greg,request,GYM,2026-09-28 16:55,2026-09-28 17:03,0.138,8,false
20260928-213006-norm-0440#1,0,norm,greg,request,STORAGE-5,2026-09-28 17:30,2026-09-28 17:46,0.273,8,false
20260928-224221-norm-0443#1,0,norm,greg,request,LEVEL-SIX,2026-09-28 18:42,2026-09-28 18:53,0.181,13,false
20260928-231410-norm-0445#1,0,norm,greg,request,CHAPEL,2026-09-28 19:14,2026-09-28 19:22,0.143,8,false
20260928-231410-norm-0445#2,0,norm,greg,request,CHAPEL,2026-09-28 19:14,2026-09-28 19:22,0.143,8,false
20260928-233010-norm-0447#1,0,norm,greg,request,LEVEL-SIX,2026-09-28 19:30,2026-09-28 19:41,0.184,8,false
20260928-233014-norm-0448#1,0,norm,greg,request,END-OF-CORRIDOR,2026-09-28 19:30,2026-09-28 19:47,0.295,8,false
20260929-005005-norm-0452#1,0,norm,greg,request,LEVEL-SIX,2026-09-28 20:50,2026-09-28 20:55,0.097,8,false
20260929-013339-norm-0454#1,0,norm,greg,request,END-OF-CORRIDOR,2026-09-28 21:33,2026-09-28 21:44,0.186,8,false
20260929-015154-norm-0456#1,0,norm,greg,request,,2026-09-28 21:51,2026-09-28 22:12,0.346,2,false
20260929-031125-norm-0459#1,0,norm,greg,request,SHIPPING-ROOM,2026-09-28 23:11,2026-09-28 23:27,0.269,13,false
20260929-031129-norm-0460#1,0,norm,greg,request,ARMORY,2026-09-28 23:11,2026-09-28 23:35,0.404,13,false
20260929-041720-norm-0464#1,0,norm,greg,request,,2026-09-29 00:17,2026-09-29 00:47,0.494,2,false
20260929-041721-norm-0465#1,0,norm,greg,request,,2026-09-29 00:17,2026-09-29 01:15,0.968,3,false
20260929-043515-norm-0466#1,0,norm,greg,request,,2026-09-29 00:35,2026-09-29 01:25,0.830,2,false
20260929-045248-norm-0468#1,0,norm,greg,request,ARMORY,2026-09-29 00:52,2026-09-29 01:28,0.597,13,false
20260929-050219-norm-0469#1,0,norm,greg,request,THEATRE,2026-09-29 01:02,2026-09-29 01:37,0.591,5,false
20260929-050219-norm-0469#2,0,norm,greg,request,THEATRE,2026-09-29 01:02,2026-09-29 01:37,0.591,5,false
20260929-050219-norm-0469#3,0,norm,greg,request,THEATRE,2026-09-29 01:02,2026-09-29 01:37,0.591,5,false
20260929-050231-norm-0470#1,0,norm,greg,request,THEATRE,2026-09-29 01:02,2026-09-29 01:44,0.698,8,false
20260929-050231-norm-0470#2,0,norm,greg,request,THEATRE,2026-09-29 01:02,2026-09-29 01:44,0.698,8,false
20260929-050231-norm-0470#3,0,norm,greg,request,THEATRE,2026-09-29 01:02,2026-09-29 01:44,0.698,8,false
20260929-050231-norm-0470#4,0,norm,greg,request,THEATRE,2026-09-29 01:02,2026-09-29 01:44,0.698,8,false
20260929-052111-norm-0474#1,0,norm,greg,request,AUXILIARY-BARRACKS,2026-09-29 01:21,2026-09-29 01:50,0.496,8,false
20260929-052119-norm-0475#1,0,norm,greg,request,SHIPPING-ROOM,2026-09-29 01:21,2026-09-29 01:53,0.533,8,false
20260929-061939-norm-0485#1,0,norm,greg,request,,2026-09-29 02:19,2026-09-29 02:30,0.179,2,false
20260929-061940-norm-0486#1,0,norm,greg,request,BRIG,2026-09-29 02:19,2026-09-29 02:36,0.284,5,false
20260929-061944-norm-0487#1,0,norm,greg,request,DOCKING-BAY-4,2026-09-29 02:19,2026-09-29 02:41,0.366,8,false
20260929-063644-norm-0490#1,0,norm,greg,request,ARMORY,2026-09-29 02:36,2026-09-29 02:48,0.192,8,false
20260929-084319-norm-0498#1,0,norm,greg,request,OFFICERS-QUARTERS-B,2026-09-29 04:43,2026-09-29 04:56,0.226,8,false
20260929-112024-norm-0501#1,0,norm,greg,verdict,OFFICERS-QUARTERS-B,2026-09-29 07:20,,,2,false
20260929-112452-greg-0296#1,0,greg,norm,question,OFFICERS-QUARTERS-B,2026-09-29 07:24,2026-09-29 07:40,0.254,,
20260929-121824-norm-0505#1,0,norm,greg,request,DOCKING-BAY-1,2026-09-29 08:18,2026-09-29 08:27,0.157,8,false
20260929-124923-greg-0298#1,0,greg,norm,question,DOCKING-BAY-1,2026-09-29 08:49,2026-09-29 09:12,0.378,,
20260929-131850-norm-0510#1,0,norm,greg,request,AUXILIARY-BARRACKS,2026-09-29 09:18,2026-09-29 09:42,0.386,5,false
20260929-132848-greg-0299#1,0,greg,norm,question,AUXILIARY-BARRACKS,2026-09-29 09:28,2026-09-29 09:40,0.197,,
20260929-135324-norm-0514#1,0,norm,greg,request,AUXILIARY-BARRACKS,2026-09-29 09:53,2026-09-29 10:15,0.361,5,false
20260929-140407-greg-0301#1,0,greg,norm,question,AUXILIARY-BARRACKS,2026-09-29 10:04,2026-09-29 10:08,0.078,,
20260929-143856-norm-0517#1,0,norm,greg,request,AUXILIARY-BARRACKS,2026-09-29 10:38,2026-09-29 10:55,0.271,5,false
20260929-144649-greg-0303#1,0,greg,norm,question,AUXILIARY-BARRACKS,2026-09-29 10:46,2026-09-29 10:47,0.010,,
20260929-173628-norm-0532#1,0,norm,greg,request,SPACETRUCK,2026-09-29 13:36,,,13,false
20260929-180628-greg-0305#1,0,greg,norm,question,SPACETRUCK,2026-09-29 14:06,2026-09-29 14:22,0.267,,
20260929-181122-norm-0534#1,0,norm,greg,request,SPACETRUCK,2026-09-29 14:11,,,13,false
20260929-181312-norm-0535#1,0,norm,greg,request,SPACETRUCK,2026-09-29 14:13,,,13,false
20260929-181722-norm-0536#1,0,norm,greg,request,SPACETRUCK,2026-09-29 14:17,,,13,false
20260929-182828-greg-0306#1,0,greg,norm,question,SPACETRUCK,2026-09-29 14:28,2026-09-29 14:41,0.211,,
20260929-183010-norm-0541#1,0,norm,greg,request,SPACETRUCK,2026-09-29 14:30,2026-09-29 14:48,0.307,13,false
20260929-183944-norm-0543#1,0,norm,greg,request,FEMALE-BARRACKS,2026-09-29 14:39,2026-09-29 14:52,0.217,3,false
20260929-185103-norm-0550#1,0,norm,greg,request,OFFICERS-QUARTERS-B,2026-09-29 14:51,2026-09-29 15:01,0.171,8,false
20260929-191800-norm-0556#1,0,norm,greg,request,OFFICERS-QUARTERS-B,2026-09-29 15:18,,,5,false
20260929-191959-norm-0557#1,0,norm,greg,request,AUXILIARY-BARRACKS,2026-09-29 15:19,,,2,false
20260929-192143-norm-0558#1,0,norm,greg,request,ARMORY,2026-09-29 15:21,,,5,false
20260929-192953-greg-0311#1,0,greg,norm,question,,2026-09-29 15:29,2026-09-29 15:57,0.463,,
20260929-195400-norm-0559#1,0,norm,greg,request,OFFICERS-QUARTERS-B,2026-09-29 15:54,2026-09-29 16:07,0.225,5,false
20260929-195702-norm-0560#1,0,norm,greg,request,AUXILIARY-BARRACKS,2026-09-29 15:57,,,2,false
20260929-195703-norm-0561#1,0,norm,greg,request,AUXILIARY-BARRACKS,2026-09-29 15:57,,,2,false
20260929-195703-norm-0562#1,0,norm,greg,request,ARMORY,2026-09-29 15:57,,,8,false
20260929-195703-norm-0563#1,0,norm,greg,request,ARMORY,2026-09-29 15:57,,,5,false
20260929-195704-norm-0564#1,0,norm,greg,request,ARMORY,2026-09-29 15:57,,,5,false
20260929-204814-greg-0318#1,0,greg,norm,question,ARMORY,2026-09-29 16:48,2026-09-29 16:52,0.065,,
20260929-210200-greg-0319#1,0,greg,norm,question,ARMORY,2026-09-29 17:02,2026-09-29 17:04,0.035,,
20260929-210906-greg-0320#1,0,greg,norm,question,ARMORY,2026-09-29 17:09,2026-09-30 08:21,15.209,,
20260930-104739-norm-0578#1,0,norm,greg,request,ARMORY,2026-09-30 06:47,2026-09-30 07:17,0.492,8,false
20260930-104748-norm-0579#1,0,norm,greg,request,ARMORY,2026-09-30 06:47,2026-09-30 07:17,0.489,5,false
20260930-104749-norm-0580#1,0,norm,greg,request,ARMORY,2026-09-30 06:47,2026-09-30 07:17,0.489,5,false
20260930-114523-norm-0581#1,0,norm,greg,note,,2026-09-30 07:45,2026-09-30 07:54,0.155,,
20260930-121536-greg-0325#1,0,greg,norm,question,ARMORY,2026-09-30 08:15,,,,
20260930-133833-norm-0595#1,0,norm,greg,request,,2026-09-30 09:38,2026-09-30 10:00,0.369,2,false
20260930-205852-norm-0601#1,0,norm,greg,request,OFFICERS-QUARTERS-C,2026-09-30 16:58,2026-09-30 17:15,0.270,3,false
20260930-222748-norm-0604#1,0,norm,greg,request,OFFICERS-QUARTERS-C,2026-09-30 18:27,2026-09-30 18:41,0.224,5,false
20260930-222800-norm-0605#1,0,norm,greg,request,OFFICERS-QUARTERS-C,2026-09-30 18:28,2026-09-30 18:42,0.242,5,false
20261001-010811-norm-0607#1,0,norm,greg,verdict,OFFICERS-QUARTERS-C,2026-09-30 21:08,,,3,false
20261001-010811-norm-0607#2,0,norm,greg,verdict,OFFICERS-QUARTERS-C,2026-09-30 21:08,,,3,false
20261001-010811-norm-0607#3,0,norm,greg,verdict,OFFICERS-QUARTERS-C,2026-09-30 21:08,,,3,false
20261001-010811-norm-0607#4,0,norm,greg,verdict,OFFICERS-QUARTERS-C,2026-09-30 21:08,,,3,false
20261001-010811-norm-0607#5,0,norm,greg,verdict,OFFICERS-QUARTERS-C,2026-09-30 21:08,,,3,false
20261001-010811-norm-0607#6,0,norm,greg,verdict,OFFICERS-QUARTERS-C,2026-09-30 21:08,,,3,false
20261001-010811-norm-0607#7,0,norm,greg,verdict,OFFICERS-QUARTERS-C,2026-09-30 21:08,,,3,false
20261001-010811-norm-0607#8,0,norm,greg,verdict,OFFICERS-QUARTERS-C,2026-09-30 21:08,,,3,false
20261001-162530-norm-0616#1,0,norm,greg,request,OFFICERS-SANFAC,2026-10-01 12:25,2026-10-01 12:29,0.074,3,false
20261001-164427-norm-0618#1,0,norm,greg,verdict,OFFICERS-SANFAC,2026-10-01 12:44,2026-10-01 12:51,0.116,2,false
20261001-170904-norm-0621#1,0,norm,greg,request,OFFICERS-SANFAC,2026-10-01 13:09,2026-10-01 13:13,0.076,5,false
20261001-172225-norm-0623#1,0,norm,greg,request,OFFICERS-SANFAC,2026-10-01 13:22,2026-10-01 13:39,0.287,5,false
20261001-175251-norm-0626#1,0,norm,greg,request,OFFICERS-SANFAC,2026-10-01 13:52,2026-10-01 14:07,0.251,3,false
20261001-185038-norm-0630#1,0,norm,greg,verdict,DOCKING-BAY-1,2026-10-01 14:50,2026-10-01 15:01,0.176,3,false
20261001-192603-norm-0634#1,0,norm,greg,request,DOCKING-BAY-1,2026-10-01 15:26,2026-10-01 15:46,0.342,5,false
20261001-200216-norm-0636#1,0,norm,greg,verdict,DOCKING-BAY-1,2026-10-01 16:02,2026-10-01 16:22,0.342,3,false
20261001-200216-norm-0636#2,0,norm,greg,verdict,DOCKING-BAY-1,2026-10-01 16:02,2026-10-01 16:22,0.342,3,false
20261001-200216-norm-0636#3,0,norm,greg,verdict,DOCKING-BAY-1,2026-10-01 16:02,2026-10-01 16:22,0.342,3,false
20261001-204317-norm-0639#1,0,norm,greg,request,DOCKING-BAY-1,2026-10-01 16:43,2026-10-01 16:54,0.187,5,false
20261001-213758-norm-0643#1,0,norm,greg,request,DOCKING-BAY-1,2026-10-01 17:37,2026-10-01 17:53,0.254,5,false
20261001-222101-greg-0344#1,0,greg,norm,request,,2026-10-01 18:21,2026-10-01 18:42,0.352,,
20261001-222101-greg-0344#2,0,greg,norm,request,,2026-10-01 18:21,2026-10-01 18:42,0.357,,
20261001-222101-greg-0344#3,0,greg,norm,request,,2026-10-01 18:21,2026-10-02 08:43,14.368,,
20261001-222810-norm-0647#1,0,norm,greg,note,,2026-10-01 18:28,2026-10-01 18:34,0.113,,
20261001-224207-norm-0648#1,0,norm,greg,request,MESS-HALL,2026-10-01 18:42,2026-10-01 18:49,0.129,5,false
20261001-224225-norm-0649#1,0,norm,greg,request,MAIN-STORAGE,2026-10-01 18:42,2026-10-01 18:50,0.128,5,false
20261001-225527-norm-0653#1,0,norm,greg,request,MESS-HALL,2026-10-01 18:55,2026-10-01 19:13,0.301,8,false
20261001-225534-norm-0654#1,0,norm,greg,request,MAIN-STORAGE,2026-10-01 18:55,2026-10-01 19:13,0.306,5,false
20261001-232015-greg-0350#1,0,greg,norm,request,,2026-10-01 19:20,2026-10-02 09:01,13.681,,
20261001-232015-greg-0350#2,0,greg,norm,request,,2026-10-01 19:20,2026-10-03 06:36,35.273,,
20261001-232015-greg-0350#3,0,greg,norm,request,,2026-10-01 19:20,2026-10-03 06:39,35.326,,
20261001-232542-norm-0659#1,0,norm,greg,request,MESS-HALL,2026-10-01 19:25,2026-10-01 19:40,0.253,8,false
20261001-232547-norm-0660#1,0,norm,greg,request,MAIN-STORAGE,2026-10-01 19:25,2026-10-01 19:40,0.251,5,false
20261001-235450-norm-0663#1,0,norm,greg,request,MESS-HALL,2026-10-01 19:54,2026-10-01 20:02,0.130,8,false
20261001-235457-norm-0664#1,0,norm,greg,request,MAIN-STORAGE,2026-10-01 19:54,2026-10-01 20:02,0.128,5,false
20261002-103329-greg-0355#1,0,greg,norm,request,MESS-HALL,2026-10-02 06:33,2026-10-02 06:59,0.434,,
20261002-103329-greg-0355#2,0,greg,norm,request,MESS-HALL,2026-10-02 06:33,2026-10-02 06:59,0.434,,
20261002-103329-greg-0355#3,0,greg,norm,request,MESS-HALL,2026-10-02 06:33,2026-10-02 06:49,0.260,,
20261002-103329-greg-0355#4,0,greg,norm,request,MESS-HALL,2026-10-02 06:33,2026-10-02 06:49,0.260,,
20261002-103329-greg-0355#5,0,greg,norm,request,MESS-HALL,2026-10-02 06:33,2026-10-02 06:49,0.260,,
20261002-103329-greg-0355#6,0,greg,norm,request,MESS-HALL,2026-10-02 06:33,2026-10-02 07:26,0.877,,
20261002-105913-norm-0672#1,0,norm,greg,request,MESS-HALL,2026-10-02 06:59,2026-10-02 07:12,0.223,8,false
20261002-114049-greg-0359#1,0,greg,norm,request,MESS-HALL,2026-10-02 07:40,2026-10-02 08:00,0.321,,
20261002-114049-greg-0359#2,0,greg,norm,request,MESS-HALL,2026-10-02 07:40,2026-10-02 08:48,1.121,,
20261002-120004-norm-0682#1,0,norm,greg,request,MESS-HALL,2026-10-02 08:00,2026-10-02 08:13,0.216,5,false
20261002-122725-norm-0684#1,0,norm,greg,request,MESS-HALL,2026-10-02 08:27,2026-10-02 08:39,0.199,8,false
20261002-124306-norm-0685#1,0,norm,greg,request,LIBRARY,2026-10-02 08:43,2026-10-02 09:04,0.352,8,false
20261002-130107-norm-0687#1,0,norm,greg,request,MEETING-ROOM-1,2026-10-02 09:01,2026-10-02 09:32,0.524,3,false
20261002-131829-norm-0690#1,0,norm,greg,request,MEETING-ROOM-2,2026-10-02 09:18,,,3,false
20261002-131933-norm-0691#1,0,norm,greg,request,LIBRARY,2026-10-02 09:19,2026-10-02 10:16,0.944,8,false
20261002-131942-norm-0692#1,0,norm,greg,request,LIBRARY,2026-10-02 09:19,2026-10-02 10:52,1.543,8,false
20261002-131943-norm-0693#1,0,norm,greg,request,LIBRARY,2026-10-02 09:19,2026-10-02 11:07,1.793,13,false
20261002-134718-norm-0697#1,0,norm,greg,request,MESS-HALL,2026-10-02 09:47,2026-10-02 11:34,1.779,5,false
20261002-134729-norm-0698#1,0,norm,greg,request,MAIN-STORAGE,2026-10-02 09:47,,,3,false
20261002-140140-norm-0699#1,0,norm,greg,request,MEETING-ROOM-1,2026-10-02 10:01,2026-10-02 13:32,3.510,5,false
20261002-140142-norm-0700#1,0,norm,greg,request,MEETING-ROOM-1,2026-10-02 10:01,2026-10-02 13:52,3.841,5,false
20261002-140143-norm-0701#1,0,norm,greg,request,MEETING-ROOM-1,2026-10-02 10:01,2026-10-02 14:14,4.215,5,false
20261002-151937-norm-0714#1,0,norm,greg,request,LIBRARY,2026-10-02 11:19,2026-10-02 14:14,2.917,5,false
20261002-152028-norm-0715#1,0,norm,greg,request,LIBRARY,2026-10-02 11:20,2026-10-02 17:50,6.496,5,false
20261002-154221-norm-0717#1,0,norm,greg,verdict,MESS-HALL,2026-10-02 11:42,2026-10-02 12:04,0.373,5,false
20261002-161329-norm-0721#1,0,norm,greg,request,MAIN-STORAGE,2026-10-02 12:13,,,3,false
20261002-163532-norm-0722#1,0,norm,greg,request,MESS-HALL,2026-10-02 12:35,2026-10-02 15:13,2.627,5,false
20261002-183312-norm-0742#1,0,norm,greg,request,MEETING-ROOM-1,2026-10-02 14:33,2026-10-02 15:53,1.334,2,false
20261002-183317-norm-0743#1,0,norm,greg,request,MEETING-ROOM-1,2026-10-02 14:33,2026-10-02 16:07,1.564,2,false
20261002-190353-norm-0749#1,0,norm,greg,request,MAIN-STORAGE,2026-10-02 15:03,2026-10-02 17:55,2.855,3,false
20261002-222105-norm-0763#1,0,norm,greg,request,MEETING-ROOM-2,2026-10-02 18:21,,,3,false
20261002-223651-norm-0765#1,0,norm,greg,request,LIBRARY,2026-10-02 18:36,2026-10-02 19:16,0.653,8,false
20261002-223652-norm-0766#1,0,norm,greg,request,LIBRARY,2026-10-02 18:36,2026-10-02 19:16,0.653,8,false
20261002-223703-norm-0767#1,0,norm,greg,request,,2026-10-02 18:37,2026-10-02 19:19,0.711,2,false
20261002-232709-norm-0776#1,0,norm,greg,request,MEETING-ROOM-2,2026-10-02 19:27,2026-10-02 19:43,0.276,3,false
20261002-232854-norm-0779#1,0,norm,greg,request,MEETING-ROOM-2,2026-10-02 19:28,,,3,false
20261002-234425-norm-0781#1,0,norm,greg,request,MAIN-STORAGE,2026-10-02 19:44,2026-10-02 19:49,0.093,5,false
20261002-234431-norm-0782#1,0,norm,greg,request,MAIN-STORAGE,2026-10-02 19:44,2026-10-02 19:55,0.176,5,false
20261002-234437-norm-0783#1,0,norm,greg,request,MAIN-STORAGE,2026-10-02 19:44,2026-10-02 20:08,0.400,5,false
20261002-235627-norm-0788#1,0,norm,greg,request,MEETING-ROOM-2,2026-10-02 19:56,2026-10-02 21:06,1.166,5,false
20261002-235629-norm-0789#1,0,norm,greg,request,MEETING-ROOM-2,2026-10-02 19:56,2026-10-02 20:30,0.572,5,false
20261002-235630-norm-0790#1,0,norm,greg,request,MEETING-ROOM-2,2026-10-02 19:56,2026-10-03 06:33,10.615,5,false
20261003-103637-norm-0832#1,0,norm,greg,request,ELEVATOR,2026-10-03 06:36,2026-10-03 06:46,0.164,13,false
20261003-103949-norm-0833#1,0,norm,greg,request,AIR-SHAFT,2026-10-03 06:39,2026-10-03 06:55,0.262,8,false
20261003-110101-norm-0845#1,0,norm,greg,request,ELEVATOR,2026-10-03 07:01,2026-10-03 07:17,0.282,8,false
20260925-004039-greg-0002,1,greg,norm,deliver,,2026-09-24 20:40,2026-09-24 20:43,0.048,,
20260925-005152-greg-0004,1,greg,norm,deliver,,2026-09-24 20:51,2026-09-24 20:53,0.026,,
20260925-010322-greg-0008,1,greg,norm,deliver,,2026-09-24 21:03,2026-09-24 21:04,0.026,,
20260925-010911-greg-0009,1,greg,norm,deliver,,2026-09-24 21:09,2026-09-24 21:09,0.011,,
20260925-012754-greg-0010,1,greg,norm,deliver,,2026-09-24 21:27,2026-09-24 21:29,0.024,,
20260925-013302-greg-0013,1,greg,norm,question,,2026-09-24 21:33,2026-09-24 21:34,0.021,,
20260925-014523-greg-0014,1,greg,norm,deliver,,2026-09-24 21:45,2026-09-24 21:46,0.018,,
20260925-015017-greg-0015,1,greg,norm,deliver,,2026-09-24 21:50,2026-09-24 21:51,0.016,,
20260925-015715-greg-0016,1,greg,norm,deliver,,2026-09-24 21:57,2026-09-24 21:58,0.015,,
20260925-020232-greg-0017,1,greg,norm,deliver,DECK-TWELVE,2026-09-24 22:02,2026-09-24 22:03,0.020,,
20260925-020649-greg-0018,1,greg,norm,deliver,DECK-TWELVE,2026-09-24 22:06,2026-09-24 22:09,0.048,,
20260925-025510-greg-0020,1,greg,norm,question,,2026-09-24 22:55,2026-09-24 22:56,0.014,,
20260925-025551-greg-0021,1,greg,norm,question,,2026-09-24 22:55,2026-09-24 22:57,0.025,,
20260925-025922-greg-0023,1,greg,norm,deliver,DECK-TWELVE,2026-09-24 22:59,2026-09-24 23:20,0.347,,
20260925-030520-greg-0024,1,greg,norm,deliver,DECK-TWELVE,2026-09-24 23:05,2026-09-24 23:20,0.248,,
20260925-032718-greg-0025,1,greg,norm,question,,2026-09-24 23:27,2026-09-24 23:28,0.022,,
20260925-032908-greg-0026,1,greg,norm,deliver,,2026-09-24 23:29,2026-09-30 08:44,129.261,,
20260925-044628-greg-0029,1,greg,norm,deliver,,2026-09-25 00:46,2026-09-25 00:47,0.020,,
20260925-044844-greg-0030,1,greg,norm,deliver,,2026-09-25 00:48,2026-09-25 00:54,0.091,,
20260925-045126-greg-0031,1,greg,norm,deliver,,2026-09-25 00:51,2026-09-25 00:54,0.058,,
20260925-045757-greg-0032,1,greg,norm,question,,2026-09-25 00:57,2026-09-25 01:03,0.091,,
20260925-050327-greg-0033,1,greg,norm,question,,2026-09-25 01:03,2026-09-25 01:08,0.091,,
20260925-050934-greg-0034,1,greg,norm,deliver,,2026-09-25 01:09,2026-09-25 01:16,0.109,,
20260925-051436-greg-0035,1,greg,norm,deliver,,2026-09-25 01:14,2026-09-25 01:18,0.059,,
20260925-051803-greg-0036,1,greg,norm,deliver,,2026-09-25 01:18,2026-09-25 01:20,0.035,,
20260925-052143-greg-0037,1,greg,norm,deliver,,2026-09-25 01:21,2026-09-25 01:26,0.076,,
20260925-052651-greg-0038,1,greg,norm,deliver,,2026-09-25 01:26,2026-09-25 01:28,0.022,,
20260925-053040-greg-0039,1,greg,norm,deliver,,2026-09-25 01:30,2026-09-25 01:32,0.026,,
20260925-054424-greg-0040,1,greg,norm,deliver,,2026-09-25 01:44,2026-09-25 01:45,0.024,,
20260925-094927-greg-0042,1,greg,norm,deliver,CARGO-BAY-ENTRANCE,2026-09-25 05:49,2026-09-25 05:54,0.082,,
20260925-095122-greg-0043,1,greg,norm,deliver,ROBOT-POOL,2026-09-25 05:51,2026-09-25 05:58,0.112,,
20260925-095613-greg-0044,1,greg,norm,question,CARGO-BAY,2026-09-25 05:56,2026-09-25 05:56,0.011,,
20260925-100116-greg-0045,1,greg,norm,deliver,SPACETRUCK,2026-09-25 06:01,2026-09-25 06:06,0.083,,
20260925-100705-greg-0046,1,greg,norm,deliver,SPACETRUCK,2026-09-25 06:07,2026-09-25 06:11,0.080,,
20260925-101352-greg-0047,1,greg,norm,question,FORM-STORAGE-ROOM,2026-09-25 06:13,2026-09-25 06:14,0.016,,
20260925-101438-greg-0048,1,greg,norm,question,CARGO-BAY,2026-09-25 06:14,2026-09-25 06:15,0.008,,
20260925-101531-greg-0049,1,greg,norm,deliver,CARGO-BAY,2026-09-25 06:15,2026-09-25 06:23,0.133,,
20260925-102553-greg-0051,1,greg,norm,deliver,ROBOT-POOL,2026-09-25 06:25,2026-09-25 06:27,0.021,,
20260925-103224-greg-0052,1,greg,norm,deliver,SPACETRUCK,2026-09-25 06:32,2026-09-25 06:33,0.018,,
20260925-103912-greg-0053,1,greg,norm,deliver,SPACETRUCK,2026-09-25 06:39,2026-09-25 06:43,0.069,,
20260925-104057-greg-0055,1,greg,norm,deliver,CARGO-BAY,2026-09-25 06:40,2026-09-25 06:49,0.144,,
20260925-104057-greg-0056,1,greg,norm,deliver,FORM-STORAGE-ROOM,2026-09-25 06:40,2026-09-25 06:48,0.124,,
20260925-105141-greg-0057,1,greg,norm,deliver,CARGO-BAY,2026-09-25 06:51,2026-09-25 06:56,0.079,,
20260925-110311-greg-0060,1,greg,norm,deliver,,2026-09-25 07:03,2026-09-25 07:07,0.080,,
20260925-110923-greg-0061,1,greg,norm,deliver,,2026-09-25 07:09,2026-09-25 07:18,0.144,,
20260925-111923-greg-0062,1,greg,norm,deliver,,2026-09-25 07:19,2026-09-25 07:22,0.052,,
20260925-111943-greg-0063,1,greg,norm,question,,2026-09-25 07:19,2026-09-25 07:20,0.019,,
20260925-113941-greg-0065,1,greg,norm,deliver,,2026-09-25 07:39,2026-09-25 07:54,0.255,,
20260925-114445-greg-0066,1,greg,norm,deliver,,2026-09-25 07:44,2026-09-25 07:50,0.090,,
20260925-114517-greg-0068,1,greg,norm,question,,2026-09-25 07:45,2026-09-25 07:45,0.012,,
20260925-115523-greg-0069,1,greg,norm,deliver,,2026-09-25 07:55,2026-09-25 08:04,0.145,,
20260925-120809-greg-0070,1,greg,norm,deliver,,2026-09-25 08:08,2026-09-25 08:11,0.061,,
20260925-120855-greg-0071,1,greg,norm,question,,2026-09-25 08:08,2026-09-25 08:10,0.023,,
20260925-121729-greg-0072,1,greg,norm,deliver,,2026-09-25 08:17,2026-09-25 08:24,0.113,,
20260925-122723-greg-0073,1,greg,norm,deliver,,2026-09-25 08:27,2026-09-25 08:33,0.105,,
20260925-123415-greg-0074,1,greg,norm,deliver,,2026-09-25 08:34,2026-09-25 08:39,0.091,,
20260925-125250-greg-0076,1,greg,norm,deliver,CARGO-BAY,2026-09-25 08:52,2026-09-25 09:02,0.159,,
20260925-130106-greg-0077,1,greg,norm,deliver,SPACETRUCK,2026-09-25 09:01,2026-09-25 09:11,0.172,,
20260925-131233-greg-0078,1,greg,norm,deliver,FORM-STORAGE-ROOM,2026-09-25 09:12,2026-09-25 09:17,0.082,,
20260925-133122-greg-0079,1,greg,norm,question,CARGO-BAY,2026-09-25 09:31,2026-09-25 09:32,0.025,,
20260925-133604-greg-0081,1,greg,norm,deliver,CARGO-BAY,2026-09-25 09:36,2026-09-25 09:43,0.121,,
20260925-134239-greg-0082,1,greg,norm,deliver,ROBOT-POOL,2026-09-25 09:42,2026-09-25 09:47,0.085,,
20260925-135149-greg-0083,1,greg,norm,deliver,CARGO-BAY,2026-09-25 09:51,2026-09-25 10:00,0.136,,
20260925-135331-greg-0084,1,greg,norm,deliver,FORM-STORAGE-ROOM,2026-09-25 09:53,2026-09-25 09:57,0.059,,
20260925-140426-greg-0085,1,greg,norm,deliver,CARGO-BAY,2026-09-25 10:04,2026-09-25 10:11,0.125,,
20260925-141506-greg-0086,1,greg,norm,deliver,CARGO-BAY,2026-09-25 10:15,2026-09-25 10:23,0.144,,
20260925-142301-greg-0087,1,greg,norm,deliver,SPACETRUCK,2026-09-25 10:23,2026-09-25 10:25,0.043,,
20260925-143434-greg-0089,1,greg,norm,deliver,CARGO-BAY,2026-09-25 10:34,2026-09-25 10:41,0.120,,
20260925-144300-greg-0090,1,greg,norm,deliver,CARGO-BAY,2026-09-25 10:43,2026-09-25 10:47,0.071,,
20260925-150925-greg-0091,1,greg,norm,deliver,CARGO-BAY,2026-09-25 11:09,2026-09-25 11:12,0.059,,
20260925-164343-greg-0092,1,greg,norm,deliver,LEVEL-FIVE,2026-09-25 12:43,2026-09-25 12:55,0.202,,
20260925-171133-greg-0094,1,greg,norm,deliver,LEVEL-FIVE,2026-09-25 13:11,2026-09-25 13:18,0.108,,
20260925-172841-greg-0096,1,greg,norm,deliver,LEVEL-FIVE,2026-09-25 13:28,2026-09-25 13:31,0.044,,
20260925-175336-greg-0097,1,greg,norm,deliver,SOUTH-JUNCTION,2026-09-25 13:53,2026-09-25 13:59,0.097,,
20260925-185744-greg-0098,1,greg,norm,deliver,LEVEL-FIVE,2026-09-25 14:57,2026-09-25 15:05,0.131,,
20260925-190519-greg-0099,1,greg,norm,question,COMMANDERS-OFFICE,2026-09-25 15:05,2026-09-25 15:06,0.017,,
20260925-194444-greg-0101,1,greg,norm,deliver,COMMANDERS-OFFICE,2026-09-25 15:44,2026-09-25 15:48,0.069,,
20260925-195248-greg-0102,1,greg,norm,deliver,COMM-CENTER,2026-09-25 15:52,2026-09-25 15:58,0.101,,
20260925-200736-greg-0103,1,greg,norm,deliver,PX,2026-09-25 16:07,2026-09-25 16:11,0.062,,
20260925-203729-greg-0104,1,greg,norm,deliver,LEVEL-FIVE,2026-09-25 16:37,2026-09-25 16:41,0.065,,
20260925-210049-greg-0106,1,greg,norm,question,LEVEL-FIVE,2026-09-25 17:00,2026-09-25 17:02,0.031,,
20260925-211704-greg-0107,1,greg,norm,question,LEVEL-FIVE,2026-09-25 17:17,2026-09-25 17:17,0.015,,
20260925-212208-greg-0108,1,greg,norm,deliver,LEVEL-FIVE,2026-09-25 17:22,2026-09-25 17:27,0.092,,
20260926-014535-greg-0110,1,greg,norm,deliver,SICK-BAY,2026-09-25 21:45,2026-09-25 21:58,0.219,,
20260926-105020-greg-0111,1,greg,norm,deliver,STATION-CONTROL,2026-09-26 06:50,2026-09-26 07:09,0.326,,
20260926-113943-greg-0112,1,greg,norm,deliver,COMMANDERS-OFFICE,2026-09-26 07:39,2026-09-26 07:56,0.286,,
20260926-141117-greg-0114,1,greg,norm,deliver,COMM-CENTER,2026-09-26 10:11,2026-09-26 10:23,0.197,,
20260926-142726-greg-0115,1,greg,norm,question,PX,2026-09-26 10:27,2026-09-26 10:27,0.007,,
20260926-143012-greg-0117,1,greg,norm,deliver,PX,2026-09-26 10:30,2026-09-26 10:43,0.214,,
20260926-144442-greg-0118,1,greg,norm,question,COMM-CENTER,2026-09-26 10:44,2026-09-26 10:46,0.023,,
20260926-151601-greg-0120,1,greg,norm,deliver,COMM-CENTER,2026-09-26 11:16,2026-09-26 11:23,0.123,,
20260926-152205-greg-0121,1,greg,norm,question,PX,2026-09-26 11:22,2026-09-26 11:22,0.011,,
20260926-153916-greg-0123,1,greg,norm,deliver,PX,2026-09-26 11:39,2026-09-26 11:46,0.124,,
20260926-154507-greg-0124,1,greg,norm,deliver,COMM-CENTER,2026-09-26 11:45,2026-09-26 11:51,0.106,,
20260926-162252-greg-0125,1,greg,norm,deliver,COMMANDERS-OFFICE,2026-09-26 12:22,2026-09-26 12:36,0.231,,
20260926-163849-greg-0126,1,greg,norm,deliver,COMM-CENTER,2026-09-26 12:38,2026-09-26 12:45,0.112,,
20260926-164907-greg-0127,1,greg,norm,deliver,PX,2026-09-26 12:49,2026-09-26 12:59,0.173,,
20260926-165408-greg-0128,1,greg,norm,deliver,COMMANDERS-OFFICE,2026-09-26 12:54,2026-09-26 13:08,0.247,,
20260926-170605-greg-0129,1,greg,norm,deliver,COMM-CENTER,2026-09-26 13:06,2026-09-26 13:08,0.048,,
20260926-172942-greg-0131,1,greg,norm,question,PX,2026-09-26 13:29,2026-09-26 13:30,0.017,,
20260926-173038-greg-0132,1,greg,norm,deliver,PX,2026-09-26 13:30,2026-09-26 13:33,0.048,,
20260926-173321-greg-0133,1,greg,norm,deliver,PX,2026-09-26 13:33,,,,
20260926-173627-greg-0134,1,greg,norm,deliver,COMM-CENTER,2026-09-26 13:36,2026-09-26 13:37,0.018,,
20260926-174058-greg-0135,1,greg,norm,deliver,PX,2026-09-26 13:40,2026-09-26 13:42,0.032,,
20260926-175500-greg-0136,1,greg,norm,deliver,PX,2026-09-26 13:55,2026-09-26 13:56,0.025,,
20260926-175959-greg-0137,1,greg,norm,deliver,COMM-CENTER,2026-09-26 13:59,2026-09-26 14:02,0.049,,
20260926-180327-greg-0138,1,greg,norm,deliver,COMM-CENTER,2026-09-26 14:03,2026-09-26 14:08,0.076,,
20260926-180527-greg-0139,1,greg,norm,deliver,COMM-CENTER,2026-09-26 14:05,2026-09-26 14:07,0.042,,
20260926-191540-greg-0140,1,greg,norm,deliver,COMMANDERS-OFFICE,2026-09-26 15:15,2026-09-26 15:30,0.252,,
20260926-195256-greg-0141,1,greg,norm,question,SICK-BAY,2026-09-26 15:52,2026-09-26 15:53,0.011,,
20260926-195703-greg-0142,1,greg,norm,deliver,SICK-BAY,2026-09-26 15:57,2026-09-26 16:02,0.098,,
20260926-205205-greg-0143,1,greg,norm,question,COMM-CENTER,2026-09-26 16:52,2026-09-26 16:53,0.031,,
20260926-205923-greg-0144,1,greg,norm,deliver,COMM-CENTER,2026-09-26 16:59,2026-09-26 17:05,0.099,,
20260926-211259-greg-0145,1,greg,norm,question,SICK-BAY,2026-09-26 17:12,2026-09-26 17:15,0.040,,
20260926-211707-greg-0147,1,greg,norm,deliver,SICK-BAY,2026-09-26 17:17,2026-09-26 17:23,0.110,,
20260926-212045-greg-0148,1,greg,norm,question,PX,2026-09-26 17:20,2026-09-26 17:24,0.061,,
20260926-212730-greg-0149,1,greg,norm,deliver,PX,2026-09-26 17:27,2026-09-26 17:28,0.017,,
20260926-215416-greg-0150,1,greg,norm,question,SICK-BAY,2026-09-26 17:54,2026-09-26 17:58,0.074,,
20260926-221517-greg-0151,1,greg,norm,question,STATION-CONTROL,2026-09-26 18:15,2026-09-26 18:16,0.022,,
20260926-221839-greg-0152,1,greg,norm,deliver,STATION-CONTROL,2026-09-26 18:18,2026-09-26 18:19,0.012,,
20260926-225123-greg-0153,1,greg,norm,question,STATION-CONTROL,2026-09-26 18:51,2026-09-26 18:56,0.086,,
20260926-231052-greg-0154,1,greg,norm,deliver,STATION-CONTROL,2026-09-26 19:10,2026-09-26 19:31,0.342,,
20260926-231905-greg-0155,1,greg,norm,question,LEVEL-FIVE,2026-09-26 19:19,2026-09-26 19:33,0.234,,
20260926-234721-greg-0156,1,greg,norm,deliver,LEVEL-FIVE,2026-09-26 19:47,2026-09-26 19:52,0.086,,
20260927-000412-greg-0157,1,greg,norm,deliver,STATION-CONTROL,2026-09-26 20:04,2026-09-26 20:09,0.095,,
20260927-001836-greg-0160,1,greg,norm,deliver,STATION-CONTROL,2026-09-26 20:18,2026-09-26 20:29,0.189,,
20260927-002239-greg-0161,1,greg,norm,deliver,LEVEL-FIVE,2026-09-26 20:22,2026-09-26 20:36,0.237,,
20260927-003001-greg-0162,1,greg,norm,question,BRIEFING-ROOM,2026-09-26 20:30,2026-09-26 20:31,0.017,,
20260927-003547-greg-0163,1,greg,norm,deliver,BRIEFING-ROOM,2026-09-26 20:35,2026-09-26 20:46,0.182,,
20260927-004916-greg-0164,1,greg,norm,question,WORKSHOP,2026-09-26 20:49,2026-09-26 20:50,0.017,,
20260927-005614-greg-0165,1,greg,norm,deliver,WORKSHOP,2026-09-26 20:56,2026-09-26 21:06,0.172,,
20260927-010757-greg-0166,1,greg,norm,deliver,ROBOT-SHOP,2026-09-26 21:07,2026-09-26 21:14,0.109,,
20260927-012029-greg-0167,1,greg,norm,question,COMMANDERS-QUARTERS,2026-09-26 21:20,2026-09-26 21:23,0.049,,
20260927-012652-greg-0168,1,greg,norm,deliver,COMMANDERS-QUARTERS,2026-09-26 21:26,2026-09-26 21:41,0.246,,
20260927-014132-greg-0169,1,greg,norm,question,STATION-CONTROL,2026-09-26 21:41,2026-09-26 21:42,0.022,,
20260927-015317-greg-0170,1,greg,norm,deliver,BRIEFING-ROOM,2026-09-26 21:53,2026-09-26 22:06,0.221,,
20260927-020058-greg-0171,1,greg,norm,question,WORKSHOP,2026-09-26 22:00,2026-09-26 22:02,0.019,,
20260927-021141-greg-0172,1,greg,norm,question,WORKSHOP,2026-09-26 22:11,2026-09-26 22:13,0.033,,
20260927-102610-greg-0173,1,greg,norm,deliver,WORKSHOP,2026-09-27 06:26,2026-09-27 06:27,0.022,,
20260927-102854-greg-0174,1,greg,norm,deliver,ROBOT-SHOP,2026-09-27 06:28,2026-09-27 06:38,0.157,,
20260927-104141-greg-0176,1,greg,norm,deliver,,2026-09-27 06:41,2026-09-27 06:42,0.021,,
20260927-110606-greg-0178,1,greg,norm,deliver,EAST-JUNCTION,2026-09-27 07:06,2026-09-27 07:48,0.700,,
20260927-114733-greg-0179,1,greg,norm,question,ROBOT-SHOP,2026-09-27 07:47,2026-09-27 07:48,0.018,,
20260927-115805-greg-0181,1,greg,norm,deliver,ROBOT-SHOP,2026-09-27 07:58,2026-09-27 07:58,0.015,,
20260927-120922-greg-0182,1,greg,norm,deliver,WORKSHOP,2026-09-27 08:09,2026-09-27 08:10,0.013,,
20260927-122359-greg-0183,1,greg,norm,deliver,ROBOT-SHOP,2026-09-27 08:23,2026-09-27 08:25,0.025,,
20260927-123528-greg-0184,1,greg,norm,deliver,WORKSHOP,2026-09-27 08:35,2026-09-27 08:37,0.027,,
20260927-125906-greg-0188,1,greg,norm,deliver,COMMANDERS-QUARTERS,2026-09-27 08:59,2026-09-27 09:00,0.017,,
20260927-130337-greg-0189,1,greg,norm,deliver,EAST-JUNCTION,2026-09-27 09:03,2026-09-27 09:04,0.015,,
20260927-132449-greg-0190,1,greg,norm,deliver,LEVEL-FIVE,2026-09-27 09:24,2026-09-27 09:25,0.018,,
20260927-133448-greg-0191,1,greg,norm,deliver,LEVEL-FIVE,2026-09-27 09:34,2026-09-27 09:35,0.018,,
20260927-134526-greg-0192,1,greg,norm,deliver,LEVEL-FIVE,2026-09-27 09:45,2026-09-27 10:00,0.250,,
20260927-140039-greg-0193,1,greg,norm,deliver,,2026-09-27 10:00,2026-09-27 10:01,0.022,,
20260927-141537-greg-0194,1,greg,norm,question,SICK-BAY,2026-09-27 10:15,2026-09-27 10:17,0.028,,
20260927-143244-greg-0195,1,greg,norm,deliver,STATION-CONTROL,2026-09-27 10:32,2026-09-27 10:33,0.021,,
20260927-144854-greg-0196,1,greg,norm,question,EAST-CONNECTION,2026-09-27 10:48,2026-09-27 10:49,0.016,,
20260927-145548-greg-0198,1,greg,norm,deliver,EAST-CONNECTION,2026-09-27 10:55,2026-09-27 12:20,1.403,,
20260927-151141-greg-0199,1,greg,norm,deliver,SOUTH-CONNECTION,2026-09-27 11:11,2026-09-27 11:52,0.688,,
20260927-152202-greg-0200,1,greg,norm,deliver,ROBOT-SHOP,2026-09-27 11:22,2026-09-27 13:28,2.111,,
20260927-160828-greg-0201,1,greg,norm,deliver,ROBOT-SHOP,2026-09-27 12:08,2026-09-27 12:52,0.736,,
20260927-162551-greg-0202,1,greg,norm,deliver,EAST-JUNCTION,2026-09-27 12:25,2026-09-27 12:57,0.522,,
20260927-163908-greg-0203,1,greg,norm,deliver,WORKSHOP,2026-09-27 12:39,2026-09-27 13:28,0.826,,
20260927-164759-greg-0204,1,greg,norm,deliver,LEVEL-FIVE,2026-09-27 12:47,2026-09-27 12:49,0.031,,
20260927-165517-greg-0205,1,greg,norm,deliver,NORTH-CONNECTION,2026-09-27 12:55,2026-09-27 13:50,0.927,,
20260927-170722-greg-0206,1,greg,norm,deliver,COMMANDERS-QUARTERS,2026-09-27 13:07,2026-09-27 15:38,2.523,,
20260927-171837-greg-0207,1,greg,norm,deliver,COMMANDERS-QUARTERS,2026-09-27 13:18,2026-09-27 14:18,1.003,,
20260927-173041-greg-0208,1,greg,norm,deliver,SOUTH-CONNECTION,2026-09-27 13:30,2026-09-27 14:03,0.544,,
20260927-173929-greg-0209,1,greg,norm,deliver,EAST-CONNECTION,2026-09-27 13:39,2026-09-27 13:42,0.051,,
20260927-175926-greg-0210,1,greg,norm,deliver,BRIG,2026-09-27 13:59,2026-09-27 15:43,1.735,,
20260927-182046-greg-0212,1,greg,norm,deliver,NORTH-CONNECTION,2026-09-27 14:20,2026-09-27 15:30,1.159,,
20260927-183528-greg-0213,1,greg,norm,deliver,,2026-09-27 14:35,2026-09-27 15:25,0.842,,
20260927-184624-greg-0214,1,greg,norm,deliver,,2026-09-27 14:46,2026-09-27 15:26,0.661,,
20260927-190334-greg-0215,1,greg,norm,deliver,ROBOT-SHOP,2026-09-27 15:03,2026-09-27 17:20,2.274,,
20260927-193625-greg-0216,1,greg,norm,deliver,COMMANDERS-QUARTERS,2026-09-27 15:36,2026-09-27 16:59,1.383,,
20260927-200033-greg-0217,1,greg,norm,deliver,COMMANDERS-QUARTERS,2026-09-27 16:00,2026-09-27 16:29,0.482,,
20260927-201143-greg-0218,1,greg,norm,deliver,BRIG,2026-09-27 16:11,2026-09-27 16:44,0.538,,
20260927-202549-greg-0219,1,greg,norm,deliver,SPACETRUCK,2026-09-27 16:25,2026-09-27 17:00,0.585,,
20260927-203111-greg-0220,1,greg,norm,deliver,SPACETRUCK,2026-09-27 16:31,2026-09-27 17:27,0.940,,
20260927-205346-greg-0221,1,greg,norm,deliver,FILE-ROOM,2026-09-27 16:53,2026-09-27 17:18,0.417,,
20260927-211454-greg-0222,1,greg,norm,deliver,SOUTH-CONNECTION,2026-09-27 17:14,2026-09-27 18:16,1.022,,
20260927-214959-greg-0223,1,greg,norm,deliver,EAST-JUNCTION,2026-09-27 17:49,2026-09-27 18:17,0.457,,
20260927-215609-greg-0224,1,greg,norm,deliver,COMMANDERS-QUARTERS,2026-09-27 17:56,2026-09-27 19:36,1.666,,
20260927-220313-greg-0225,1,greg,norm,deliver,BRIG,2026-09-27 18:03,2026-09-27 18:22,0.324,,
20260927-221952-greg-0226,1,greg,norm,deliver,BRIG,2026-09-27 18:19,2026-09-27 19:36,1.278,,
20260927-222407-greg-0227,1,greg,norm,deliver,ROBOT-SHOP,2026-09-27 18:24,2026-09-27 19:44,1.341,,
20260927-224014-greg-0228,1,greg,norm,deliver,SPACETRUCK,2026-09-27 18:40,2026-09-27 19:47,1.124,,
20260927-224846-greg-0229,1,greg,norm,deliver,LEVEL-FOUR,2026-09-27 18:48,2026-09-27 20:22,1.556,,
20260927-225650-greg-0230,1,greg,norm,deliver,LEVEL-THREE,2026-09-27 18:56,2026-09-27 20:12,1.264,,
20260927-231442-greg-0231,1,greg,norm,deliver,FILE-ROOM,2026-09-27 19:14,2026-09-27 20:21,1.117,,
20260927-232832-greg-0232,1,greg,norm,deliver,SOUTH-CONNECTION,2026-09-27 19:28,2026-09-27 19:47,0.324,,
20260927-234040-greg-0233,1,greg,norm,deliver,EAST-JUNCTION,2026-09-27 19:40,2026-09-27 20:12,0.525,,
20260927-234857-greg-0234,1,greg,norm,deliver,BRIG,2026-09-27 19:48,2026-09-27 20:00,0.192,,
20260927-235554-greg-0235,1,greg,norm,deliver,BRIG,2026-09-27 19:55,2026-09-27 20:05,0.157,,
20260928-000746-greg-0236,1,greg,norm,deliver,ROBOT-SHOP,2026-09-27 20:07,2026-09-27 20:14,0.104,,
20260928-002454-greg-0238,1,greg,norm,deliver,LEVEL-THREE,2026-09-27 20:24,2026-09-27 20:37,0.205,,
20260928-004329-greg-0239,1,greg,norm,deliver,FILE-ROOM,2026-09-27 20:43,2026-09-27 21:46,1.045,,
20260928-010343-greg-0240,1,greg,norm,deliver,LEVEL-FOUR,2026-09-27 21:03,2026-09-27 21:38,0.574,,
20260928-020014-greg-0241,1,greg,norm,deliver,LEVEL-FOUR,2026-09-27 22:00,2026-09-27 22:05,0.083,,
20260928-022250-greg-0242,1,greg,norm,deliver,FILE-ROOM,2026-09-27 22:22,2026-09-27 22:36,0.221,,
20260928-023436-greg-0243,1,greg,norm,deliver,LEVEL-THREE,2026-09-27 22:34,2026-09-27 22:57,0.389,,
20260928-031939-greg-0244,1,greg,norm,deliver,CHAPEL,2026-09-27 23:19,2026-09-27 23:44,0.411,,
20260928-033143-greg-0245,1,greg,norm,deliver,GYM,2026-09-27 23:31,2026-09-27 23:38,0.118,,
20260928-033830-greg-0246,1,greg,norm,deliver,LEVEL-THREE,2026-09-27 23:38,2026-09-27 23:51,0.216,,
20260928-035655-greg-0247,1,greg,norm,deliver,LEVEL-FOUR,2026-09-27 23:56,2026-09-28 00:47,0.842,,
20260928-042719-greg-0248,1,greg,norm,deliver,GYM,2026-09-28 00:27,2026-09-28 01:00,0.547,,
20260928-043839-greg-0249,1,greg,norm,deliver,CHAPEL,2026-09-28 00:38,2026-09-28 01:11,0.552,,
20260928-051121-greg-0250,1,greg,norm,deliver,LEVEL-FOUR,2026-09-28 01:11,2026-09-28 01:43,0.541,,
20260928-051855-greg-0251,1,greg,norm,deliver,GYM,2026-09-28 01:18,2026-09-28 01:30,0.199,,
20260928-053158-greg-0252,1,greg,norm,deliver,CHAPEL,2026-09-28 01:31,2026-09-28 01:59,0.456,,
20260928-061156-greg-0253,1,greg,norm,deliver,LEVEL-FOUR,2026-09-28 02:11,2026-09-28 02:24,0.216,,
20260928-065212-greg-0254,1,greg,norm,deliver,LAUNDRY,2026-09-28 02:52,2026-09-28 02:59,0.124,,
20260928-065743-greg-0255,1,greg,norm,deliver,THEATRE,2026-09-28 02:57,2026-09-28 03:02,0.076,,
20260928-071622-greg-0256,1,greg,norm,deliver,SOUTH-CONNECTION,2026-09-28 03:16,2026-09-28 03:19,0.054,,
20260928-073645-greg-0257,1,greg,norm,deliver,LEVEL-FOUR,2026-09-28 03:36,2026-09-28 03:47,0.177,,
20260928-080702-greg-0258,1,greg,norm,deliver,THEATRE,2026-09-28 04:07,2026-09-28 04:13,0.115,,
20260928-081328-greg-0259,1,greg,norm,deliver,LAUNDRY,2026-09-28 04:13,2026-09-28 04:38,0.419,,
20260928-085224-greg-0260,1,greg,norm,deliver,LAUNDRY,2026-09-28 04:52,2026-09-28 04:55,0.045,,
20260928-090031-greg-0261,1,greg,norm,deliver,FEMALE-BARRACKS,2026-09-28 05:00,2026-09-28 05:19,0.308,,
20260928-091744-greg-0262,1,greg,norm,deliver,BARRACKS-SANFAC,2026-09-28 05:17,2026-09-28 05:30,0.208,,
20260928-105802-greg-0263,1,greg,norm,deliver,,2026-09-28 06:58,2026-09-28 06:59,0.031,,
20260928-110446-greg-0264,1,greg,norm,deliver,,2026-09-28 07:04,2026-09-28 07:05,0.019,,
20260928-111441-greg-0265,1,greg,norm,deliver,FEMALE-BARRACKS,2026-09-28 07:14,2026-09-28 07:18,0.060,,
20260928-111936-greg-0266,1,greg,norm,deliver,DOCKING-BAY-3,2026-09-28 07:19,2026-09-28 07:21,0.031,,
20260928-114638-greg-0267,1,greg,norm,deliver,COMMANDERS-QUARTERS,2026-09-28 07:46,2026-09-28 07:48,0.026,,
20260928-115258-greg-0268,1,greg,norm,deliver,GYM,2026-09-28 07:52,2026-09-28 07:53,0.015,,
20260928-123425-greg-0269,1,greg,norm,deliver,COMMANDERS-QUARTERS,2026-09-28 08:34,2026-09-28 08:35,0.012,,
20260928-205039-greg-0270,1,greg,norm,deliver,STORAGE-5,2026-09-28 16:50,2026-09-28 16:52,0.031,,
20260928-210357-greg-0271,1,greg,norm,deliver,GYM,2026-09-28 17:03,2026-09-28 17:05,0.026,,
20260928-210357-greg-0272,1,greg,norm,deliver,GYM,2026-09-28 17:03,2026-09-28 17:05,0.026,,
20260928-214629-greg-0273,1,greg,norm,deliver,STORAGE-5,2026-09-28 17:46,2026-09-28 17:47,0.019,,
20260928-225311-greg-0274,1,greg,norm,deliver,LEVEL-SIX,2026-09-28 18:53,2026-09-28 18:54,0.026,,
20260928-232246-greg-0275,1,greg,norm,deliver,CHAPEL,2026-09-28 19:22,2026-09-28 19:27,0.083,,
20260928-234114-greg-0276,1,greg,norm,deliver,LEVEL-SIX,2026-09-28 19:41,2026-09-28 19:42,0.015,,
20260928-234755-greg-0277,1,greg,norm,deliver,END-OF-CORRIDOR,2026-09-28 19:47,2026-09-28 19:48,0.017,,
20260929-005555-greg-0278,1,greg,norm,deliver,LEVEL-SIX,2026-09-28 20:55,2026-09-28 20:56,0.018,,
20260929-014449-greg-0279,1,greg,norm,deliver,END-OF-CORRIDOR,2026-09-28 21:44,2026-09-28 21:45,0.015,,
20260929-021240-greg-0280,1,greg,norm,deliver,STORAGE-5,2026-09-28 22:12,2026-09-28 22:13,0.022,,
20260929-032732-greg-0281,1,greg,norm,deliver,SHIPPING-ROOM,2026-09-28 23:27,2026-09-28 23:29,0.026,,
20260929-033544-greg-0282,1,greg,norm,deliver,ARMORY,2026-09-28 23:35,2026-09-28 23:38,0.044,,
20260929-044700-greg-0283,1,greg,norm,deliver,LAUNDRY,2026-09-29 00:47,2026-09-29 00:50,0.058,,
20260929-051526-greg-0284,1,greg,norm,deliver,LAUNDRY,2026-09-29 01:15,2026-09-29 01:20,0.076,,
20260929-052503-greg-0285,1,greg,norm,deliver,ARMORY,2026-09-29 01:25,2026-09-29 01:26,0.022,,
20260929-052837-greg-0286,1,greg,norm,deliver,ARMORY,2026-09-29 01:28,2026-09-29 01:30,0.029,,
20260929-053747-greg-0287,1,greg,norm,deliver,THEATRE,2026-09-29 01:37,2026-09-29 01:40,0.046,,
20260929-054425-greg-0288,1,greg,norm,deliver,THEATRE,2026-09-29 01:44,2026-09-29 01:48,0.075,,
20260929-055057-greg-0289,1,greg,norm,deliver,AUXILIARY-BARRACKS,2026-09-29 01:50,2026-09-29 01:52,0.022,,
20260929-055319-greg-0290,1,greg,norm,deliver,SHIPPING-ROOM,2026-09-29 01:53,2026-09-29 01:54,0.022,,
20260929-063024-greg-0291,1,greg,norm,deliver,WORKSHOP,2026-09-29 02:30,2026-09-29 02:32,0.039,,
20260929-063641-greg-0292,1,greg,norm,deliver,BRIG,2026-09-29 02:36,2026-09-29 02:40,0.059,,
20260929-064143-greg-0293,1,greg,norm,deliver,DOCKING-BAY-4,2026-09-29 02:41,2026-09-29 02:43,0.034,,
20260929-064815-greg-0294,1,greg,norm,deliver,ARMORY,2026-09-29 02:48,2026-09-29 02:51,0.061,,
20260929-085651-greg-0295,1,greg,norm,deliver,OFFICERS-QUARTERS-B,2026-09-29 04:56,2026-09-29 07:20,2.393,,
20260929-122749-greg-0297,1,greg,norm,deliver,DOCKING-BAY-1,2026-09-29 08:27,2026-09-29 08:44,0.284,,
20260929-134200-greg-0300,1,greg,norm,deliver,AUXILIARY-BARRACKS,2026-09-29 09:42,2026-09-29 09:49,0.121,,
20260929-141505-greg-0302,1,greg,norm,deliver,AUXILIARY-BARRACKS,2026-09-29 10:15,2026-09-29 10:33,0.314,,
20260929-145512-greg-0304,1,greg,norm,deliver,AUXILIARY-BARRACKS,2026-09-29 10:55,2026-09-29 11:08,0.218,,
20260929-184835-greg-0308,1,greg,norm,deliver,SPACETRUCK,2026-09-29 14:48,2026-09-29 15:07,0.321,,
20260929-185246-greg-0309,1,greg,norm,deliver,FEMALE-BARRACKS,2026-09-29 14:52,2026-09-29 15:07,0.254,,
20260929-190120-greg-0310,1,greg,norm,deliver,OFFICERS-QUARTERS-B,2026-09-29 15:01,2026-09-29 15:11,0.175,,
20260929-200731-greg-0313,1,greg,norm,deliver,OFFICERS-QUARTERS-B,2026-09-29 16:07,2026-09-29 16:19,0.196,,
20260929-201404-greg-0314,1,greg,norm,question,AUXILIARY-BARRACKS,2026-09-29 16:14,2026-09-29 16:30,0.273,,
20260929-202256-greg-0317,1,greg,norm,deliver,OFFICERS-QUARTERS-B,2026-09-29 16:22,2026-09-29 16:48,0.425,,
20260930-111709-greg-0321,1,greg,norm,deliver,ARMORY,2026-09-30 07:17,2026-09-30 08:14,0.949,,
20260930-111710-greg-0322,1,greg,norm,deliver,ARMORY,2026-09-30 07:17,2026-09-30 08:14,0.949,,
20260930-111711-greg-0323,1,greg,norm,deliver,ARMORY,2026-09-30 07:17,2026-09-30 08:14,0.950,,
20260930-140042-greg-0328,1,greg,norm,deliver,SPACETRUCK,2026-09-30 10:00,2026-09-30 10:14,0.224,,
20260930-211503-greg-0329,1,greg,norm,deliver,OFFICERS-QUARTERS-C,2026-09-30 17:15,2026-09-30 17:40,0.419,,
20260930-224116-greg-0330,1,greg,norm,deliver,OFFICERS-QUARTERS-C,2026-09-30 18:41,2026-09-30 20:25,1.743,,
20260930-224232-greg-0331,1,greg,norm,deliver,OFFICERS-QUARTERS-C,2026-09-30 18:42,2026-09-30 21:08,2.428,,
20261001-012749-greg-0332,1,greg,norm,question,OFFICERS-QUARTERS-C,2026-09-30 21:27,2026-09-30 21:39,0.203,,
20261001-162957-greg-0333,1,greg,norm,deliver,OFFICERS-SANFAC,2026-10-01 12:29,2026-10-01 12:44,0.242,,
20261001-165123-greg-0334,1,greg,norm,deliver,OFFICERS-SANFAC,2026-10-01 12:51,2026-10-01 13:04,0.226,,
20261001-171337-greg-0336,1,greg,norm,deliver,OFFICERS-SANFAC,2026-10-01 13:13,2026-10-01 13:19,0.101,,
20261001-173939-greg-0337,1,greg,norm,deliver,OFFICERS-SANFAC,2026-10-01 13:39,2026-10-01 13:44,0.087,,
20261001-180754-greg-0338,1,greg,norm,deliver,OFFICERS-SANFAC,2026-10-01 14:07,2026-10-01 14:15,0.127,,
20261001-190111-greg-0339,1,greg,norm,deliver,DOCKING-BAY-1,2026-10-01 15:01,2026-10-01 15:12,0.182,,
20261001-194634-greg-0340,1,greg,norm,deliver,DOCKING-BAY-1,2026-10-01 15:46,2026-10-01 15:57,0.190,,
20261001-202248-greg-0341,1,greg,norm,deliver,DOCKING-BAY-1,2026-10-01 16:22,2026-10-01 16:33,0.182,,
20261001-205431-greg-0342,1,greg,norm,deliver,DOCKING-BAY-1,2026-10-01 16:54,2026-10-01 17:02,0.126,,
20261001-215314-greg-0343,1,greg,norm,deliver,DOCKING-BAY-1,2026-10-01 17:53,2026-10-01 18:00,0.126,,
20261001-224952-greg-0346,1,greg,norm,deliver,MESS-HALL,2026-10-01 18:49,2026-10-01 18:51,0.026,,
20261001-225007-greg-0347,1,greg,norm,deliver,MAIN-STORAGE,2026-10-01 18:50,2026-10-01 18:52,0.034,,
20261001-231329-greg-0348,1,greg,norm,deliver,MESS-HALL,2026-10-01 19:13,2026-10-01 19:20,0.121,,
20261001-231356-greg-0349,1,greg,norm,deliver,MAIN-STORAGE,2026-10-01 19:13,2026-10-01 19:20,0.114,,
20261001-234051-greg-0351,1,greg,norm,deliver,MESS-HALL,2026-10-01 19:40,2026-10-01 19:50,0.168,,
20261001-234052-greg-0352,1,greg,norm,deliver,MAIN-STORAGE,2026-10-01 19:40,2026-10-01 19:50,0.168,,
20261002-000239-greg-0353,1,greg,norm,deliver,MESS-HALL,2026-10-01 20:02,2026-10-01 20:11,0.144,,
20261002-000239-greg-0354,1,greg,norm,deliver,MAIN-STORAGE,2026-10-01 20:02,2026-10-01 20:11,0.148,,
20261002-111237-greg-0356,1,greg,norm,deliver,MESS-HALL,2026-10-02 07:12,2026-10-02 07:24,0.205,,
20261002-121300-greg-0360,1,greg,norm,deliver,MESS-HALL,2026-10-02 08:13,2026-10-02 08:25,0.209,,
20261002-123921-greg-0361,1,greg,norm,deliver,MESS-HALL,2026-10-02 08:39,2026-10-02 08:48,0.145,,
20261002-130415-greg-0362,1,greg,norm,deliver,LIBRARY,2026-10-02 09:04,2026-10-02 09:12,0.143,,
20261002-133233-greg-0364,1,greg,norm,deliver,MEETING-ROOM-1,2026-10-02 09:32,2026-10-02 09:44,0.191,,
20261002-141613-greg-0365,1,greg,norm,deliver,LIBRARY,2026-10-02 10:16,2026-10-02 10:22,0.109,,
20261002-143446-greg-0366,1,greg,norm,question,LIBRARY,2026-10-02 10:34,2026-10-02 10:40,0.103,,
20261002-145218-greg-0367,1,greg,norm,deliver,LIBRARY,2026-10-02 10:52,2026-10-02 11:01,0.159,,
20261002-150717-greg-0368,1,greg,norm,deliver,LIBRARY,2026-10-02 11:07,2026-10-02 11:12,0.085,,
20261002-151801-greg-0369,1,greg,norm,question,MESS-HALL,2026-10-02 11:18,2026-10-02 11:21,0.057,,
20261002-153403-greg-0370,1,greg,norm,deliver,MESS-HALL,2026-10-02 11:34,2026-10-02 11:42,0.138,,
20261002-160202-greg-0371,1,greg,norm,question,MAIN-STORAGE,2026-10-02 12:02,2026-10-02 12:13,0.186,,
20261002-160444-greg-0372,1,greg,norm,deliver,MESS-HALL,2026-10-02 12:04,2026-10-02 12:12,0.132,,
20261002-171156-greg-0373,1,greg,norm,question,MEETING-ROOM-1,2026-10-02 13:11,2026-10-02 13:21,0.152,,
20261002-173217-greg-0374,1,greg,norm,deliver,MEETING-ROOM-1,2026-10-02 13:32,2026-10-02 13:43,0.192,,
20261002-174138-greg-0375,1,greg,norm,question,MEETING-ROOM-1,2026-10-02 13:41,2026-10-02 13:44,0.044,,
20261002-175211-greg-0376,1,greg,norm,deliver,MEETING-ROOM-1,2026-10-02 13:52,2026-10-02 14:02,0.172,,
20261002-175840-greg-0377,1,greg,norm,question,MEETING-ROOM-1,2026-10-02 13:58,2026-10-02 14:02,0.066,,
20261002-180659-greg-0378,1,greg,norm,question,LIBRARY,2026-10-02 14:06,2026-10-02 14:09,0.040,,
20261002-181438-greg-0379,1,greg,norm,deliver,MEETING-ROOM-1,2026-10-02 14:14,2026-10-02 14:23,0.149,,
20261002-181438-greg-0380,1,greg,norm,deliver,LIBRARY,2026-10-02 14:14,2026-10-02 14:23,0.149,,
20261002-182638-greg-0381,1,greg,norm,question,LIBRARY,2026-10-02 14:26,2026-10-02 14:28,0.027,,
20261002-183447-greg-0382,1,greg,norm,question,LIBRARY,2026-10-02 14:34,2026-10-02 14:40,0.098,,
20261002-185713-greg-0383,1,greg,norm,question,MAIN-STORAGE,2026-10-02 14:57,2026-10-02 15:03,0.111,,
20261002-191310-greg-0384,1,greg,norm,deliver,MESS-HALL,2026-10-02 15:13,2026-10-02 15:22,0.161,,
20261002-191926-greg-0385,1,greg,norm,question,LIBRARY,2026-10-02 15:19,2026-10-02 15:22,0.057,,
20261002-195316-greg-0387,1,greg,norm,deliver,MEETING-ROOM-1,2026-10-02 15:53,2026-10-02 16:03,0.169,,
20261002-200709-greg-0388,1,greg,norm,deliver,MEETING-ROOM-1,2026-10-02 16:07,2026-10-02 16:12,0.089,,
20261002-215012-greg-0389,1,greg,norm,deliver,LIBRARY,2026-10-02 17:50,2026-10-02 18:03,0.228,,
20261002-215510-greg-0390,1,greg,norm,deliver,MAIN-STORAGE,2026-10-02 17:55,2026-10-02 18:03,0.146,,
20261002-231602-greg-0391,1,greg,norm,deliver,LIBRARY,2026-10-02 19:16,2026-10-02 19:24,0.140,,
20261002-231602-greg-0392,1,greg,norm,deliver,LIBRARY,2026-10-02 19:16,2026-10-02 19:24,0.140,,
20261002-231942-greg-0393,1,greg,norm,deliver,MAIN-STORAGE,2026-10-02 19:19,2026-10-02 19:24,0.079,,
20261002-234343-greg-0394,1,greg,norm,deliver,MEETING-ROOM-2,2026-10-02 19:43,2026-10-02 19:49,0.104,,
20261002-234959-greg-0395,1,greg,norm,deliver,MAIN-STORAGE,2026-10-02 19:49,2026-10-02 19:52,0.042,,
20261002-235505-greg-0396,1,greg,norm,deliver,MAIN-STORAGE,2026-10-02 19:55,2026-10-02 20:00,0.093,,
20261003-000837-greg-0397,1,greg,norm,deliver,MAIN-STORAGE,2026-10-02 20:08,2026-10-02 20:15,0.121,,
20261003-001957-greg-0398,1,greg,norm,question,MEETING-ROOM-2,2026-10-02 20:19,2026-10-02 20:22,0.045,,
20261003-003048-greg-0399,1,greg,norm,deliver,MEETING-ROOM-2,2026-10-02 20:30,2026-10-02 20:42,0.198,,
20261003-004011-greg-0400,1,greg,norm,question,MEETING-ROOM-2,2026-10-02 20:40,2026-10-02 20:53,0.217,,
20261003-004342-greg-0401,1,greg,norm,question,MEETING-ROOM-2,2026-10-02 20:43,2026-10-02 20:53,0.159,,
20261003-010623-greg-0402,1,greg,norm,deliver,MEETING-ROOM-2,2026-10-02 21:06,2026-10-02 21:12,0.097,,
20261003-011108-greg-0403,1,greg,norm,question,MEETING-ROOM-2,2026-10-02 21:11,2026-10-02 21:24,0.219,,
20261003-011540-greg-0404,1,greg,norm,question,MEETING-ROOM-2,2026-10-02 21:15,2026-10-02 21:24,0.144,,
20261003-014608-greg-0405,1,greg,norm,question,MEETING-ROOM-2,2026-10-02 21:46,2026-10-02 21:53,0.123,,
20261003-103325-greg-0406,1,greg,norm,deliver,MEETING-ROOM-2,2026-10-03 06:33,2026-10-03 06:34,0.023,,
20261003-103516-greg-0407,1,greg,norm,deliver,,2026-10-03 06:35,2026-10-03 06:40,0.083,,
20261003-104629-greg-0408,1,greg,norm,deliver,ELEVATOR,2026-10-03 06:46,2026-10-03 06:47,0.019,,
20261003-105533-greg-0409,1,greg,norm,deliver,AIR-SHAFT,2026-10-03 06:55,2026-10-03 06:56,0.009,,
20261003-111755-greg-0410,1,greg,norm,deliver,ELEVATOR,2026-10-03 07:17,2026-10-03 07:21,0.056,,
