model,path,rounds,verdicts
Sol,design/papers/FORM1-QX-17-T.png,1,approved
Sol,design/papers/FORM1-QX-17-T@VALIDATED.png,1,approved
Sol,design/papers/FORM2-JZ-59-G.png,1,approved
Sol,design/papers/FORM3-HB-56-V.png,1,approved
Sol,design/style/STYLE-duffy.png,1,approved
Sol,design/style/STYLE-command-module.png,1,approved
Sol,design/style/STYLE-village.png,1,approved
Sol,design/style/STYLE-floyd-evil.png,1,approved
Sol,design/characters/FLOYD@EVIL2.png,1,approved
Sol,design/characters/FLOYD@EVIL3.png,1,approved
Sol,design/characters/FLOYD@EVIL4.png,1,approved
Sol,design/characters/FLOYD@EVIL5.png,1,approved
Sol,design/characters/FLOYD@EVIL6.png,1,approved
Sol,design/characters/HELEN.png,2,approved>approved
Sol,design/characters/REX.png,2,approved>approved
Sol,design/characters/PLATO.png,2,approved>approved
Sol,design/characters/OLIVER@DORMANT.png,1,approved
Sol,design/characters/OLIVER.png,1,approved
Sol,design/characters/WELDER.png,1,approved
Sol,design/characters/OSTRICH.png,1,approved
Sol,design/characters/OSTRICH@FLOATING.png,2,changes>approved
Sol,design/characters/BALLOON.png,1,approved
Sol,design/characters/BALLOON@LEASH-FREE.png,1,approved
Sol,design/packages/DECK-TWELVE/reference/DR-001_DECK-TWELVE-278_SEED.png,1,approved
Sol,design/packages/DECK-TWELVE/reference/DR-001_DECK-TWELVE-098_SEED.png,1,approved
Sol,design/packages/CARGO-BAY-ENTRANCE/reference/DR-002_CARGO-BAY-ENTRANCE-090_SEED.png,2,approved>approved
Sol,design/packages/ROBOT-POOL/reference/DR-003_ROBOT-POOL-000_SEED.png,3,changes>changes>approved
Sol,design/packages/CARGO-BAY/reference/DR-004_CARGO-BAY-000_SEED.png,3,changes>changes>approved
Sol,design/packages/SPACETRUCK/reference/DR-005_SPACETRUCK-090_SEED.png,1,approved
Sol,design/packages/FORM-STORAGE-ROOM/reference/DR-006_FORM-STORAGE-ROOM-180_SEED.png,1,approved
Sol,design/packages/CARGO-BAY-ENTRANCE/reference/DR-002_CARGO-BAY-ENTRANCE-000_GREG.png,1,approved
Sol,design/packages/ROBOT-POOL/reference/DR-003_ROBOT-POOL-090_GREG.png,2,guide>approved
Sol,design/packages/SPACETRUCK/reference/DR-005_SPACETRUCK-000_GREG.png,2,guide>approved
Sol,design/packages/SPACETRUCK/reference/DR-005_SPACETRUCK-180_GREG.png,3,changes>changes>approved
Sol,design/packages/CARGO-BAY/reference/DR-004_CARGO-BAY-090_GREG.png,6,guide>changes>guide>guide>guide>approved
Sol,design/packages/CARGO-BAY/reference/DR-004_CARGO-BAY-270_GREG.png,5,guide>guide>changes>changes>approved
Sol,design/packages/FORM-STORAGE-ROOM/reference/DR-006_FORM-STORAGE-ROOM-270_GREG.png,1,approved
Sol,design/packages/FORM-STORAGE-ROOM/reference/DR-006_FORM-STORAGE-ROOM-000_SEED.png,4,guide>changes>guide>approved
Sol,design/packages/ROBOT-POOL/reference/DR-003_ROBOT-POOL-180_SEED.png,3,changes>guide>approved
Sol,design/packages/CARGO-BAY/reference/DR-004_CARGO-BAY-180_SEED.png,4,changes>changes>changes>approved
Sol,design/packages/SPACETRUCK/reference/DR-005_SPACETRUCK-270_SEED.png,3,changes>guide>approved
Sol,design/packages/LEVEL-FIVE/reference/DR-007_LEVEL-FIVE-177_SEED.png,3,changes>guide>approved
Sol,design/packages/SOUTH-JUNCTION/reference/DR-008_SOUTH-JUNCTION-239_SEED.png,1,approved
Sol,design/packages/LEVEL-FIVE/reference/DR-007_LEVEL-FIVE-087_GREG.png,2,changes>approved
Sol,design/packages/COMMANDERS-OFFICE/reference/DR-009_COMMANDERS-OFFICE-189_SEED.png,1,approved
Sol,design/packages/COMM-CENTER/reference/DR-010_COMM-CENTER-193_SEED.png,1,approved
Sol,design/packages/PX/reference/DR-011_PX-132_SEED.png,1,approved
Sol,design/packages/SICK-BAY/reference/DR-013_SICK-BAY-047_SEED.png,1,approved
Sol,design/packages/STATION-CONTROL/reference/DR-014_STATION-CONTROL-357_SEED.png,1,approved
Sol,design/packages/COMMANDERS-OFFICE/reference/DR-009_COMMANDERS-OFFICE-099_GREG.png,1,approved
Sol,design/packages/COMM-CENTER/reference/DR-010_COMM-CENTER-283_GREG.png,3,guide>changes>approved
Sol,design/packages/PX/reference/DR-011_PX-222_GREG.png,2,guide>approved
Sol,design/packages/COMMANDERS-OFFICE/reference/DR-009_COMMANDERS-OFFICE-279_GREG.png,2,guide>approved
Sol,design/packages/COMM-CENTER/reference/DR-010_COMM-CENTER-103_GREG.png,2,changes>approved
Sol,design/packages/PX/reference/DR-011_PX-042_GREG.png,2,changes>approved
Sol,design/packages/COMM-CENTER/reference/DR-010_COMM-CENTER-283_GREG_R2.png,1,approved
Sol,design/packages/COMM-CENTER/reference/DR-010_COMM-CENTER-283_GREG_R3.png,2,changes>approved
Sol,design/packages/COMM-CENTER/reference/DR-010_COMM-CENTER-103_GREG_R2.png,1,approved
Sol,design/packages/COMMANDERS-OFFICE/reference/DR-009_COMMANDERS-OFFICE-009_GREG.png,1,approved
Sol,design/packages/SICK-BAY/reference/DR-013_SICK-BAY-137_GREG.png,1,approved
Sol,design/packages/COMM-CENTER/reference/DR-010_COMM-CENTER-013_GREG.png,1,approved
Sol,design/packages/SICK-BAY/reference/DR-013_SICK-BAY-317_GREG.png,1,approved
Sol,design/packages/PX/reference/DR-011_PX-312_GREG.png,1,approved
Sol,design/packages/STATION-CONTROL/reference/DR-014_STATION-CONTROL-087_GREG.png,1,approved
Sol,design/packages/STATION-CONTROL/reference/DR-014_STATION-CONTROL-267_GREG.png,2,changes>approved
Sol,design/packages/LEVEL-FIVE/reference/DR-007_LEVEL-FIVE-357_GREG.png,2,changes>approved
Sol,design/packages/STATION-CONTROL/reference/DR-014_STATION-CONTROL-087_GREG_R1.png,2,changes>approved>approved
Sol,design/packages/BRIEFING-ROOM/reference/DR-017_BRIEFING-ROOM-309_SEED.png,2,guide>approved
Sol,design/packages/WORKSHOP/reference/DR-019_WORKSHOP-076_SEED.png,2,guide>changes>approved
Sol,design/packages/ROBOT-SHOP/reference/DR-018_ROBOT-SHOP-054_SEED.png,2,guide>changes>approved
Sol,design/packages/COMMANDERS-QUARTERS/reference/DR-016_COMMANDERS-QUARTERS-288_SEED.png,2,changes>approved
Sol,design/characters/LOG-READER.png,1,approved
Sol,design/characters/LOG-READER@BUTTON-LIT.png,1,approved
Sol,design/packages/COMMANDERS-OFFICE/reference/DR-009_COMMANDERS-OFFICE_READER-SCAR.png,1,approved
Sol,design/packages/EAST-JUNCTION/reference/DR-022_EAST-JUNCTION-090_SEED.png,3,changes>changes>approved
Sol,design/packages/LEVEL-FIVE/reference/DR-007_LEVEL-FIVE-087@CAR-HERE_GREG.png,1,approved
Sol,design/packages/LEVEL-FIVE/reference/DR-007_LEVEL-FIVE-087@CAR-ABOVE_GREG.png,1,approved
Sol,design/packages/LEVEL-FIVE/reference/DR-007_LEVEL-FIVE-087@CAR-BELOW_GREG.png,2,changes>approved
Sol,design/characters/PLATO@STUN-RAY.png,1,approved
Sol,design/packages/EAST-CONNECTION/reference/DR-020_EAST-CONNECTION-090_SEED.png,2,changes>approved
Sol,design/packages/SOUTH-CONNECTION/reference/DR-024_SOUTH-CONNECTION-180_SEED.png,2,changes>approved
Sol,design/packages/ROBOT-SHOP/reference/DR-018_ROBOT-SHOP-144_GREG.png,1,approved
Sol,design/packages/ROBOT-SHOP/reference/DR-018_ROBOT-SHOP-324_GREG.png,2,changes>approved
Sol,design/packages/WORKSHOP/reference/DR-019_WORKSHOP-346_GREG.png,1,approved
Sol,design/packages/NORTH-CONNECTION/reference/DR-023_NORTH-CONNECTION-000_SEED.png,2,changes>approved
Sol,design/packages/COMMANDERS-QUARTERS/reference/DR-016_COMMANDERS-QUARTERS-018_GREG.png,2,changes
Sol,design/packages/COMMANDERS-QUARTERS/reference/DR-016_COMMANDERS-QUARTERS-198_GREG.png,3,changes>changes
Sol,design/packages/BRIG/reference/DR-025_BRIG-054_SEED.png,2,changes>approved
Sol,design/packages/SPACETRUCK/reference/DR-005_SPACETRUCK-090@VIEWPORT-SPACE_GREG.png,1,approved
Sol,design/packages/SPACETRUCK/reference/DR-005_SPACETRUCK-090@VIEWPORT-APPROACH_GREG.png,2,changes>approved
Sol,design/packages/FILE-ROOM/reference/DR-015_FILE-ROOM-280_SEED.png,1,approved
Sol,design/packages/SOUTH-CONNECTION/reference/DR-024_SOUTH-CONNECTION-090_GREG.png,2,changes>approved
Sol,design/packages/EAST-JUNCTION/reference/DR-022_EAST-JUNCTION-000_GREG.png,2,changes>approved
Sol,design/packages/BRIG/reference/DR-025_BRIG-324_GREG.png,2,changes>approved
Sol,design/packages/BRIG/reference/DR-025_BRIG-144_GREG.png,2,changes>approved
Sol,design/packages/ROBOT-SHOP/reference/DR-018_ROBOT-SHOP-234_GREG.png,2,changes>approved
Sol,design/packages/LEVEL-FOUR/reference/DR-026_LEVEL-FOUR-175_SEED.png,3,changes>changes>approved
Sol,design/packages/LEVEL-THREE/reference/DR-027_LEVEL-THREE-177_SEED.png,2,changes>approved
Sol,design/packages/FILE-ROOM/reference/DR-015_FILE-ROOM-010_GREG.png,3,changes>guide>approved
Sol,design/packages/LEVEL-THREE/reference/DR-027_LEVEL-THREE-267_GREG.png,1,approved
Sol,design/packages/CHAPEL/reference/DR-028_CHAPEL-263_SEED.png,1,approved
Sol,design/packages/GYM/reference/DR-029_GYM-184_SEED.png,1,approved
Sol,design/packages/LEVEL-THREE/reference/DR-027_LEVEL-THREE-357_GREG.png,1,approved
Sol,design/packages/LEVEL-FOUR/reference/DR-026_LEVEL-FOUR-265_GREG.png,3,changes>changes>approved
Sol,design/packages/GYM/reference/DR-029_GYM-004_GREG.png,2,changes>approved
Sol,design/packages/CHAPEL/reference/DR-028_CHAPEL-083_GREG.png,2,changes>approved
Sol,design/packages/LAUNDRY/reference/DR-030_LAUNDRY-160_SEED.png,1,approved
Sol,design/packages/THEATRE/reference/DR-031_THEATRE-343_SEED.png,1,approved
Sol,design/packages/SOUTH-CONNECTION/reference/DR-024_SOUTH-CONNECTION-180@IRIS-HATCH-OPEN_GREG.png,1,approved
Sol,design/packages/LEVEL-FOUR/reference/DR-026_LEVEL-FOUR-355_GREG.png,1,approved
Sol,design/packages/THEATRE/reference/DR-031_THEATRE-163_GREG.png,1,approved
Sol,design/packages/LAUNDRY/reference/DR-030_LAUNDRY-250_GREG.png,2,changes>approved
Sol,scripts/out/joins/DR-030_LAUNDRY-250_RESTORED_CHECK_JOINS.png,1,pending
Sol,design/packages/FEMALE-BARRACKS/reference/DR-032_FEMALE-BARRACKS-294_SEED.png,1,approved
Sol,design/packages/BARRACKS-SANFAC/reference/DR-034_BARRACKS-SANFAC-353_SEED.png,1,approved
Sol,design/characters/PULPIT.png,1,approved
Sol,design/characters/PULPIT@OPEN.png,1,approved
Sol,design/characters/STAR.png,1,approved
Sol,design/characters/STAR@LIT.png,1,approved
Sol,design/characters/STAR@HANGING.png,1,approved
Sol,design/characters/ETERNAL-FLAME.png,1,approved
Sol,design/characters/PUCE-SPOOL.png,1,approved
Sol,design/characters/LILAC-SPOOL.png,1,approved
Sol,design/characters/MAUVE-SPOOL.png,1,approved
Sol,design/packages/FEMALE-BARRACKS/reference/DR-032_FEMALE-BARRACKS-029_GREG.png,1,approved
Sol,design/packages/DOCKING-BAY-3/reference/DR-035_DOCKING-BAY-3-131_SEED.png,1,approved
Sol,design/packages/COMMANDERS-QUARTERS/reference/DR-016_COMMANDERS-QUARTERS-288@SAFE-BLOWN_GREG.png,1,approved
Sol,design/characters/EXERCISE-MACHINE.png,1,approved
Sol,design/characters/LOG-TAPE.png,1,approved
Sol,design/characters/KEY.png,1,approved
Sol,design/characters/DRILLED-HOLE@SMALL.png,1,approved
Sol,design/characters/DRILLED-HOLE@MEDIUM.png,1,approved
Sol,design/characters/DRILLED-HOLE@LARGE.png,1,approved
Sol,design/packages/STORAGE-5/reference/DR-012_STORAGE-5-099_SEED.png,1,approved
Sol,design/packages/GYM/reference/DR-029_GYM-184_SEED_R1.png,1,approved
Sol,design/packages/GYM/reference/DR-029_GYM-004_GREG_R1.png,1,approved
Sol,design/packages/STORAGE-5/reference/DR-012_STORAGE-5-009_GREG.png,1,approved
Sol,design/packages/LEVEL-SIX/reference/DR-036_LEVEL-SIX-183_SEED.png,1,approved
Sol,design/packages/CHAPEL/reference/DR-028_CHAPEL-263_SEED_R1.png,1,approved
Sol,design/packages/LEVEL-SIX/reference/DR-036_LEVEL-SIX-273_GREG.png,1,approved
Sol,design/packages/END-OF-CORRIDOR/reference/DR-037_END-OF-CORRIDOR-090_SEED.png,1,approved
Sol,design/packages/LEVEL-SIX/reference/DR-036_LEVEL-SIX-003_GREG.png,1,approved
Sol,design/packages/END-OF-CORRIDOR/reference/DR-037_END-OF-CORRIDOR-270_GREG.png,1,approved
Sol,design/characters/JAMMER.png,1,approved
Sol,design/characters/JAMMER@BOARD.png,1,approved
Sol,design/packages/SHIPPING-ROOM/reference/DR-039_SHIPPING-ROOM-000_SEED.png,1,approved
Sol,design/packages/ARMORY/reference/DR-038_ARMORY-335_SEED.png,1,approved
Sol,design/characters/DRYER.png,1,approved
Sol,design/characters/DRYER@OPEN.png,1,approved
Sol,design/characters/PRESSER.png,1,approved
Sol,design/characters/PRESSER@OPEN.png,1,approved
Sol,design/characters/PRESSER@TRICKLE.png,1,approved
Sol,design/characters/PRESSER@OPEN-TRICKLE.png,1,approved
Sol,design/characters/PRESSER@CLOUDS.png,1,approved
Sol,design/characters/PRESSER@OPEN-CLOUDS.png,1,approved
Sol,design/characters/ZAPGUN.png,1,approved
Sol,design/packages/ARMORY/reference/DR-038_ARMORY-155_GREG.png,1,approved
Sol,design/packages/THEATRE/reference/DR-031_THEATRE-343_SEED_R1.png,1,approved
Sol,design/packages/THEATRE/reference/DR-031_THEATRE-163_GREG_R1.png,1,approved
Sol,design/packages/AUXILIARY-BARRACKS/reference/DR-040_AUXILIARY-BARRACKS-060_SEED.png,1,approved
Sol,design/packages/SHIPPING-ROOM/reference/DR-039_SHIPPING-ROOM-270_GREG.png,1,approved
Sol,design/characters/BEDISTOR.png,1,approved
Sol,design/packages/BRIG/reference/DR-025_BRIG-324@SECURITY-DOOR-OPEN_GREG.png,1,approved
Sol,design/packages/DOCKING-BAY-4/reference/DR-042_DOCKING-BAY-4-090_SEED.png,1,approved
Sol,design/packages/ARMORY/reference/DR-038_ARMORY-245_GREG.png,1,approved
Sol,design/packages/OFFICERS-QUARTERS-B/reference/DR-044_OFFICERS-QUARTERS-B-320_SEED.png,2,withdrawn>approved
Sol,design/packages/DOCKING-BAY-1/reference/DR-041_DOCKING-BAY-1-244_SEED.png,2,changes>changes>approved>approved
Sol,design/packages/AUXILIARY-BARRACKS/reference/DR-040_AUXILIARY-BARRACKS-330.png,1,approved
Sol,design/packages/AUXILIARY-BARRACKS/reference/DR-040_AUXILIARY-BARRACKS-150.png,1,approved
Sol,scripts/out/joins/AUXILIARY-BARRACKS-150-RESTORED_JOINS.png,1,pending
Sol,design/packages/AUXILIARY-BARRACKS/reference/DR-040_AUXILIARY-BARRACKS-240.png,1,approved
Sol,scripts/out/joins/AUXILIARY-BARRACKS-240-RESTORED_JOINS.png,1,pending
Sol,design/packages/SPACETRUCK/reference/DR-005_SPACETRUCK-090_SEAM_GREG.png,1,approved
Sol,design/packages/FEMALE-BARRACKS/reference/DR-032_FEMALE-BARRACKS-029_SEAM_GREG.png,1,approved
Sol,design/packages/OFFICERS-QUARTERS-B/reference/DR-044_OFFICERS-QUARTERS-B-220.png,1,approved
Sol,design/packages/ARMORY/reference/DR-038_ARMORY-065_GREG.png,1,approved
Sol,design/packages/ARMORY/reference/DR-038_ARMORY-CAP-UP_GREG.png,1,approved
Sol,design/packages/ARMORY/reference/DR-038_ARMORY-CAP-DOWN_GREG.png,1,approved
Sol,design/characters/FOOD-KIT.png,1,approved
Sol,design/packages/OFFICERS-QUARTERS-C/reference/DR-045_OFFICERS-QUARTERS-C-160.png,1,approved
Sol,design/packages/OFFICERS-QUARTERS-C/reference/DR-045_OFFICERS-QUARTERS-C-250.png,1,approved
Sol,design/packages/OFFICERS-QUARTERS-C/reference/DR-045_OFFICERS-QUARTERS-C-070.png,1,withdrawn>approved
Sol,design/packages/OFFICERS-SANFAC/reference/DR-046_OFFICERS-SANFAC-215.png,2,changes>approved
Sol,design/packages/OFFICERS-SANFAC/reference/DR-046_OFFICERS-SANFAC-125.png,1,approved
Sol,scripts/out/joins/DR-046_OFFICERS-SANFAC-125_RESTORED_JOINS.png,1,pending
Sol,design/packages/OFFICERS-SANFAC/reference/DR-046_OFFICERS-SANFAC-035.png,1,approved
Sol,design/packages/OFFICERS-SANFAC/reference/DR-046_OFFICERS-SANFAC-305.png,1,approved>approved
Sol,design/packages/DOCKING-BAY-1/reference/DR-041_DOCKING-BAY-1-154_GREG.png,1,approved
Sol,design/packages/DOCKING-BAY-1/reference/DR-041_DOCKING-BAY-1-154.png,1,approved>approved
Sol,design/packages/DOCKING-BAY-1/reference/DR-041_DOCKING-BAY-1-334_GREG.png,1,pending
Sol,design/packages/DOCKING-BAY-1/reference/DR-041_DOCKING-BAY-1-064_GREG.png,1,pending
Sol,design/packages/MESS-HALL/reference/DR-047_MESS-HALL-311.png,3,approved>approved>approved
Sol,design/packages/MAIN-STORAGE/reference/DR-048_MAIN-STORAGE-131.png,1,approved
Sol,design/packages/MESS-HALL/reference/DR-047_MESS-HALL-041.png,3,approved>approved>approved>approved>approved
Sol,design/packages/MAIN-STORAGE/reference/DR-048_MAIN-STORAGE-221.png,2,approved>approved>approved>approved
Sol,design/packages/MESS-HALL/reference/DR-047_MESS-HALL-131.png,1,approved
Sol,design/packages/MAIN-STORAGE/reference/DR-048_MAIN-STORAGE-311.png,2,approved>approved
Sol,design/packages/MESS-HALL/reference/DR-047_MESS-HALL-221.png,1,approved
Sol,design/packages/MAIN-STORAGE/reference/DR-048_MAIN-STORAGE-041.png,1,approved
Sol,scratch/mess-hall-041-mouth-restored.png,1,pending
Sol,scripts/out/joins/mess-hall-041-mouth-restored_JOINS.png,1,pending
Sol,scratch/mess-hall-041-lamp-restored.png,1,pending
Sol,design/packages/LIBRARY/reference/DR-049_LIBRARY-098.png,2,approved>approved>approved>approved
Sol,design/packages/MEETING-ROOM-1/reference/DR-050_MEETING-ROOM-1-287.png,1,approved
Sol,design/packages/LIBRARY/reference/DR-049_LIBRARY-008.png,1,approved>approved
Sol,scratch/library-008-restored-final3.png,1,pending
Sol,design/packages/LIBRARY/reference/DR-049_LIBRARY-188.png,2,approved>approved>approved
Sol,scratch/library-188-restored-r2.png,1,pending
Sol,design/packages/LIBRARY/reference/DR-049_LIBRARY-278.png,1,approved>approved
Sol,scratch/library-278-restored-r2.png,1,pending
Sol,design/packages/MESS-HALL/reference/DR-047_MESS-HALL-041@CAR-HERE.png,2,changes>approved
Sol,design/packages/MEETING-ROOM-1/reference/DR-050_MEETING-ROOM-1-017.png,1,approved
Sol,scripts/out/joins/DR-050_MEETING-ROOM-1-017_RESTORED_JOINS.png,1,pending
Sol,design/packages/MEETING-ROOM-1/reference/DR-050_MEETING-ROOM-1-107.png,1,approved>approved
Sol,design/packages/MEETING-ROOM-1/reference/DR-050_MEETING-ROOM-1-197.png,1,approved>approved
Sol,scripts/out/joins/DR-050_MEETING-ROOM-1-197_RESTORED_JOINS.png,1,pending
Sol,design/packages/LIBRARY/reference/DR-049_LIBRARY-CAP-UP.png,1,approved>approved
Sol,scripts/out/joins/DR-049_LIBRARY-CAP-UP_RESTORED_JOINS.png,1,pending
Sol,design/packages/MEETING-ROOM-1/reference/DR-050_MEETING-ROOM-1-CAP-UP.png,1,approved
Sol,design/packages/MEETING-ROOM-1/reference/DR-050_MEETING-ROOM-1-CAP-DOWN.png,1,pending
Sol,design/packages/LIBRARY/reference/DR-049_LIBRARY-CAP-DOWN.png,1,approved>approved
Sol,design/packages/MAIN-STORAGE/reference/DR-048_MAIN-STORAGE-CAP-UP.png,1,approved
Sol,design/characters/DETONATOR.png,2,approved>approved>approved
Sol,design/packages/MEETING-ROOM-2/reference/DR-051_MEETING-ROOM-2-331.png,1,approved
Sol,design/packages/MEETING-ROOM-2/reference/DR-051_MEETING-ROOM-2-149.png,1,approved>approved
Sol,design/packages/MEETING-ROOM-2/reference/DR-051_MEETING-ROOM-2-060.png,1,approved>approved
Sol,design/packages/MEETING-ROOM-2/reference/DR-051_MEETING-ROOM-2-238.png,1,approved
Sol,design/characters/OSTRICH@INTOXICATED.png,1,approved
Sol,design/packages/ELEVATOR/reference/DR-052_ELEVATOR-270_SEED.png,1,approved
Sol,design/packages/AIR-SHAFT/reference/DR-053_AIR-SHAFT-270_SEED.png,1,approved
Sol,design/packages/ELEVATOR/reference/DR-052_ELEVATOR-090.png,1,approved
none (scan-derived),design/papers/BLUEPRINT-1.png,2,changes>approved
none (scan-derived),design/papers/BLUEPRINT-2.png,2,changes>approved
none (scan-derived),design/papers/BLUEPRINT-3.png,2,changes>approved
none (scan-derived),design/papers/BLUEPRINT-4.png,1,approved
none (scan-derived),design/papers/BLUEPRINT-5.png,1,approved
none (scan-derived),design/papers/BLUEPRINT-6.png,1,approved
none (scan-derived),design/papers/BLUEPRINT-7.png,1,approved
none (scan-derived),design/papers/BLUEPRINT-8.png,1,approved
none (scan-derived),design/papers/BLUEPRINT-9.png,1,approved
none (scan-derived),design/papers/BLUEPRINT-KEY.png,2,changes>approved
none (scan-derived),wwwroot/favicon-32.png,1,approved
none (scan-derived),wwwroot/favicon-180.png,1,approved
none (scan-derived),wwwroot/favicon-512.png,1,approved
Astra,design/packages/DECK-TWELVE/reference/DR-001_DECK-TWELVE-008_GREG.png,1,approved
Astra,design/packages/DECK-TWELVE/reference/DR-001_DECK-TWELVE-188_GREG.png,1,approved
Astra,design/packages/DECK-TWELVE/reference/DR-001_DECK-TWELVE-CAP-UP_GREG.png,1,approved
